[2026-08-13T12:33:11.644+0000] {manager.py:469} INFO - Processing files using up to 2 processes at a time 
[2026-08-13T12:33:11.647+0000] {manager.py:470} INFO - Process each file at most once every 30 seconds
[2026-08-13T12:33:11.647+0000] {manager.py:471} INFO - Checking for new files in /opt/airflow/dags every 300 seconds
[2026-08-13T12:33:11.648+0000] {manager.py:738} INFO - Searching for files in /opt/airflow/dags
[2026-08-13T12:33:11.711+0000] {manager.py:741} INFO - There are 48 files in /opt/airflow/dags
[2026-08-13T12:33:12.891+0000] {manager.py:879} INFO - 
================================================================================
DAG File Processing Stats

File Path                                                                                                                           PID  Runtime      # DAGs    # Errors  Last Runtime    Last Run
--------------------------------------------------------------------------------------------------------------------------------  -----  ---------  --------  ----------  --------------  ----------
/home/airflow/.local/lib/python3.8/site-packages/airflow/example_dags/example_latest_only_with_trigger.py                            71  0.93s             0           0
/home/airflow/.local/lib/python3.8/site-packages/airflow/example_dags/example_task_group.py                                          72  0.79s             0           0
/home/airflow/.local/lib/python3.8/site-packages/airflow/example_dags/example_params_trigger_ui.py                                                         0           0
/home/airflow/.local/lib/python3.8/site-packages/airflow/example_dags/tutorial_taskflow_api_virtualenv.py                                                  0           0
/home/airflow/.local/lib/python3.8/site-packages/airflow/example_dags/example_dynamic_task_mapping_with_no_taskflow_operators.py                           0           0
/home/airflow/.local/lib/python3.8/site-packages/airflow/example_dags/example_xcom.py                                                                      0           0
/home/airflow/.local/lib/python3.8/site-packages/airflow/example_dags/example_external_task_marker_dag.py                                                  0           0
/home/airflow/.local/lib/python3.8/site-packages/airflow/example_dags/example_sla_dag.py                                                                   0           0
/home/airflow/.local/lib/python3.8/site-packages/airflow/example_dags/example_bash_operator.py                                                             0           0
/home/airflow/.local/lib/python3.8/site-packages/airflow/example_dags/example_nested_branch_dag.py                                                         0           0
/home/airflow/.local/lib/python3.8/site-packages/airflow/example_dags/example_setup_teardown.py                                                            0           0
/home/airflow/.local/lib/python3.8/site-packages/airflow/example_dags/example_sensors.py                                                                   0           0
/home/airflow/.local/lib/python3.8/site-packages/airflow/example_dags/example_trigger_controller_dag.py                                                    0           0
/home/airflow/.local/lib/python3.8/site-packages/airflow/example_dags/example_python_decorator.py                                                          0           0
/home/airflow/.local/lib/python3.8/site-packages/airflow/example_dags/tutorial.py                                                                          0           0
/home/airflow/.local/lib/python3.8/site-packages/airflow/example_dags/example_passing_params_via_test_command.py                                           0           0
/home/airflow/.local/lib/python3.8/site-packages/airflow/example_dags/example_task_group_decorator.py                                                      0           0
/home/airflow/.local/lib/python3.8/site-packages/airflow/example_dags/example_trigger_target_dag.py                                                        0           0
/home/airflow/.local/lib/python3.8/site-packages/airflow/example_dags/example_sensor_decorator.py                                                          0           0
/home/airflow/.local/lib/python3.8/site-packages/airflow/example_dags/example_subdag_operator.py                                                           0           0
/home/airflow/.local/lib/python3.8/site-packages/airflow/example_dags/example_skip_dag.py                                                                  0           0
/home/airflow/.local/lib/python3.8/site-packages/airflow/example_dags/example_complex.py                                                                   0           0
/home/airflow/.local/lib/python3.8/site-packages/airflow/example_dags/example_dag_decorator.py                                                             0           0
/home/airflow/.local/lib/python3.8/site-packages/airflow/example_dags/example_latest_only.py                                                               0           0
/home/airflow/.local/lib/python3.8/site-packages/airflow/example_dags/tutorial_dag.py                                                                      0           0
/home/airflow/.local/lib/python3.8/site-packages/airflow/example_dags/example_time_delta_sensor_async.py                                                   0           0
/home/airflow/.local/lib/python3.8/site-packages/airflow/example_dags/example_local_kubernetes_executor.py                                                 0           0
/home/airflow/.local/lib/python3.8/site-packages/airflow/example_dags/example_dynamic_task_mapping.py                                                      0           0
/home/airflow/.local/lib/python3.8/site-packages/airflow/example_dags/example_branch_python_dop_operator_3.py                                              0           0
/home/airflow/.local/lib/python3.8/site-packages/airflow/example_dags/example_branch_datetime_operator.py                                                  0           0
/home/airflow/.local/lib/python3.8/site-packages/airflow/example_dags/example_branch_labels.py                                                             0           0
/home/airflow/.local/lib/python3.8/site-packages/airflow/example_dags/example_branch_operator_decorator.py                                                 0           0
/home/airflow/.local/lib/python3.8/site-packages/airflow/example_dags/example_params_ui_tutorial.py                                                        0           0
/home/airflow/.local/lib/python3.8/site-packages/airflow/example_dags/example_branch_day_of_week_operator.py                                               0           0
/home/airflow/.local/lib/python3.8/site-packages/airflow/example_dags/tutorial_taskflow_api.py                                                             0           0
/home/airflow/.local/lib/python3.8/site-packages/airflow/example_dags/example_kubernetes_executor.py                                                       0           0
/home/airflow/.local/lib/python3.8/site-packages/airflow/example_dags/example_python_operator.py                                                           0           0
/home/airflow/.local/lib/python3.8/site-packages/airflow/example_dags/example_branch_operator.py                                                           0           0
/home/airflow/.local/lib/python3.8/site-packages/airflow/example_dags/example_setup_teardown_taskflow.py                                                   0           0
/home/airflow/.local/lib/python3.8/site-packages/airflow/example_dags/example_xcomargs.py                                                                  0           0
/home/airflow/.local/lib/python3.8/site-packages/airflow/example_dags/example_datasets.py                                                                  0           0
/home/airflow/.local/lib/python3.8/site-packages/airflow/example_dags/example_short_circuit_decorator.py                                                   0           0
/home/airflow/.local/lib/python3.8/site-packages/airflow/example_dags/example_short_circuit_operator.py                                                    0           0
/home/airflow/.local/lib/python3.8/site-packages/airflow/example_dags/tutorial_objectstorage.py                                                            0           0
/home/airflow/.local/lib/python3.8/site-packages/airflow/example_dags/subdags/subdag.py                                                                    0           0
/home/airflow/.local/lib/python3.8/site-packages/airflow/example_dags/plugins/event_listener.py                                                            0           0
/home/airflow/.local/lib/python3.8/site-packages/airflow/example_dags/plugins/listener_plugin.py                                                           0           0
/home/airflow/.local/lib/python3.8/site-packages/airflow/example_dags/plugins/workday.py                                                                   0           0
================================================================================
[2026-08-13T12:33:42.913+0000] {manager.py:879} INFO - 
================================================================================
DAG File Processing Stats

File Path                                                                                                                           PID  Runtime      # DAGs    # Errors  Last Runtime    Last Run
--------------------------------------------------------------------------------------------------------------------------------  -----  ---------  --------  ----------  --------------  -------------------
/home/airflow/.local/lib/python3.8/site-packages/airflow/example_dags/subdags/subdag.py                                                                    0           0  0.19s           2026-08-13T12:33:41
/home/airflow/.local/lib/python3.8/site-packages/airflow/example_dags/plugins/event_listener.py                                                            0           0  0.20s           2026-08-13T12:33:41
/home/airflow/.local/lib/python3.8/site-packages/airflow/example_dags/plugins/listener_plugin.py                                                           0           0  0.18s           2026-08-13T12:33:42
/home/airflow/.local/lib/python3.8/site-packages/airflow/example_dags/plugins/workday.py                                            124  0.83s             0           0
/home/airflow/.local/lib/python3.8/site-packages/airflow/example_dags/example_latest_only_with_trigger.py                                                  1           0  2.60s           2026-08-13T12:33:14
/home/airflow/.local/lib/python3.8/site-packages/airflow/example_dags/example_task_group.py                                                                1           0  2.23s           2026-08-13T12:33:14
/home/airflow/.local/lib/python3.8/site-packages/airflow/example_dags/example_params_trigger_ui.py                                                         1           0  1.18s           2026-08-13T12:33:15
/home/airflow/.local/lib/python3.8/site-packages/airflow/example_dags/tutorial_taskflow_api_virtualenv.py                                                  1           0  1.26s           2026-08-13T12:33:16
/home/airflow/.local/lib/python3.8/site-packages/airflow/example_dags/example_dynamic_task_mapping_with_no_taskflow_operators.py                           1           0  1.65s           2026-08-13T12:33:17
/home/airflow/.local/lib/python3.8/site-packages/airflow/example_dags/example_xcom.py                                                                      1           0  2.54s           2026-08-13T12:33:19
/home/airflow/.local/lib/python3.8/site-packages/airflow/example_dags/example_sla_dag.py                                                                   1           0  2.03s           2026-08-13T12:33:21
/home/airflow/.local/lib/python3.8/site-packages/airflow/example_dags/example_bash_operator.py                                                             1           0  1.51s           2026-08-13T12:33:21
/home/airflow/.local/lib/python3.8/site-packages/airflow/example_dags/example_nested_branch_dag.py                                                         1           0  0.98s           2026-08-13T12:33:22
/home/airflow/.local/lib/python3.8/site-packages/airflow/example_dags/example_setup_teardown.py                                                            1           0  0.98s           2026-08-13T12:33:22
/home/airflow/.local/lib/python3.8/site-packages/airflow/example_dags/example_sensors.py                                                                   1           0  1.32s           2026-08-13T12:33:23
/home/airflow/.local/lib/python3.8/site-packages/airflow/example_dags/example_trigger_controller_dag.py                                                    1           0  1.48s           2026-08-13T12:33:24
/home/airflow/.local/lib/python3.8/site-packages/airflow/example_dags/example_python_decorator.py                                                          1           0  1.36s           2026-08-13T12:33:24
/home/airflow/.local/lib/python3.8/site-packages/airflow/example_dags/tutorial.py                                                                          1           0  0.90s           2026-08-13T12:33:25
/home/airflow/.local/lib/python3.8/site-packages/airflow/example_dags/example_passing_params_via_test_command.py                                           1           0  0.93s           2026-08-13T12:33:25
/home/airflow/.local/lib/python3.8/site-packages/airflow/example_dags/example_task_group_decorator.py                                                      1           0  1.09s           2026-08-13T12:33:26
/home/airflow/.local/lib/python3.8/site-packages/airflow/example_dags/example_trigger_target_dag.py                                                        1           0  0.79s           2026-08-13T12:33:26
/home/airflow/.local/lib/python3.8/site-packages/airflow/example_dags/example_sensor_decorator.py                                                          1           0  0.68s           2026-08-13T12:33:26
/home/airflow/.local/lib/python3.8/site-packages/airflow/example_dags/example_skip_dag.py                                                                  1           0  1.25s           2026-08-13T12:33:28
/home/airflow/.local/lib/python3.8/site-packages/airflow/example_dags/example_complex.py                                                                   1           0  1.54s           2026-08-13T12:33:29
/home/airflow/.local/lib/python3.8/site-packages/airflow/example_dags/example_dag_decorator.py                                                             1           0  2.76s           2026-08-13T12:33:30
/home/airflow/.local/lib/python3.8/site-packages/airflow/example_dags/example_latest_only.py                                                               1           0  1.34s           2026-08-13T12:33:30
/home/airflow/.local/lib/python3.8/site-packages/airflow/example_dags/tutorial_dag.py                                                                      1           0  0.92s           2026-08-13T12:33:31
/home/airflow/.local/lib/python3.8/site-packages/airflow/example_dags/example_time_delta_sensor_async.py                                                   1           0  0.95s           2026-08-13T12:33:31
/home/airflow/.local/lib/python3.8/site-packages/airflow/example_dags/example_local_kubernetes_executor.py                                                 1           0  1.37s           2026-08-13T12:33:32
/home/airflow/.local/lib/python3.8/site-packages/airflow/example_dags/example_dynamic_task_mapping.py                                                      1           0  1.29s           2026-08-13T12:33:33
/home/airflow/.local/lib/python3.8/site-packages/airflow/example_dags/example_branch_python_dop_operator_3.py                                              1           0  0.84s           2026-08-13T12:33:33
/home/airflow/.local/lib/python3.8/site-packages/airflow/example_dags/example_branch_labels.py                                                             1           0  2.37s           2026-08-13T12:33:36
/home/airflow/.local/lib/python3.8/site-packages/airflow/example_dags/example_branch_operator_decorator.py                                                 1           0  2.76s           2026-08-13T12:33:37
/home/airflow/.local/lib/python3.8/site-packages/airflow/example_dags/example_params_ui_tutorial.py                                                        1           0  1.31s           2026-08-13T12:33:37
/home/airflow/.local/lib/python3.8/site-packages/airflow/example_dags/example_branch_day_of_week_operator.py                                               1           0  0.55s           2026-08-13T12:33:37
/home/airflow/.local/lib/python3.8/site-packages/airflow/example_dags/tutorial_taskflow_api.py                                                             1           0  0.55s           2026-08-13T12:33:38
/home/airflow/.local/lib/python3.8/site-packages/airflow/example_dags/example_kubernetes_executor.py                                                       1           0  0.80s           2026-08-13T12:33:38
/home/airflow/.local/lib/python3.8/site-packages/airflow/example_dags/example_python_operator.py                                                           1           0  0.80s           2026-08-13T12:33:38
/home/airflow/.local/lib/python3.8/site-packages/airflow/example_dags/example_branch_operator.py                                                           1           0  0.92s           2026-08-13T12:33:39
/home/airflow/.local/lib/python3.8/site-packages/airflow/example_dags/example_setup_teardown_taskflow.py                                                   1           0  0.86s           2026-08-13T12:33:39
/home/airflow/.local/lib/python3.8/site-packages/airflow/example_dags/example_short_circuit_decorator.py                                                   1           0  0.54s           2026-08-13T12:33:40
/home/airflow/.local/lib/python3.8/site-packages/airflow/example_dags/example_short_circuit_operator.py                                                    1           0  0.48s           2026-08-13T12:33:41
/home/airflow/.local/lib/python3.8/site-packages/airflow/example_dags/tutorial_objectstorage.py                                                            1           0  0.45s           2026-08-13T12:33:41
/home/airflow/.local/lib/python3.8/site-packages/airflow/example_dags/example_external_task_marker_dag.py                                                  2           0  2.71s           2026-08-13T12:33:20
/home/airflow/.local/lib/python3.8/site-packages/airflow/example_dags/example_xcomargs.py                                                                  2           0  0.59s           2026-08-13T12:33:40
/home/airflow/.local/lib/python3.8/site-packages/airflow/example_dags/example_subdag_operator.py                                                           3           0  1.07s           2026-08-13T12:33:27
/home/airflow/.local/lib/python3.8/site-packages/airflow/example_dags/example_branch_datetime_operator.py                                                  3           0  1.34s           2026-08-13T12:33:34
/home/airflow/.local/lib/python3.8/site-packages/airflow/example_dags/example_datasets.py                                                                  6           0  0.89s           2026-08-13T12:33:40
================================================================================
[2026-08-13T12:34:12.956+0000] {manager.py:879} INFO - 
================================================================================
DAG File Processing Stats

File Path                                                                                                                           PID  Runtime      # DAGs    # Errors  Last Runtime    Last Run
--------------------------------------------------------------------------------------------------------------------------------  -----  ---------  --------  ----------  --------------  -------------------
/home/airflow/.local/lib/python3.8/site-packages/airflow/example_dags/subdags/subdag.py                                                                    0           0  0.11s           2026-08-13T12:34:11
/home/airflow/.local/lib/python3.8/site-packages/airflow/example_dags/plugins/event_listener.py                                                            0           0  0.09s           2026-08-13T12:34:11
/home/airflow/.local/lib/python3.8/site-packages/airflow/example_dags/plugins/listener_plugin.py                                    178  0.01s             0           0  0.18s           2026-08-13T12:33:42
/home/airflow/.local/lib/python3.8/site-packages/airflow/example_dags/plugins/workday.py                                                                   0           0  4.64s           2026-08-13T12:33:46
/home/airflow/.local/lib/python3.8/site-packages/airflow/example_dags/example_latest_only_with_trigger.py                                                  1           0  0.19s           2026-08-13T12:33:45
/home/airflow/.local/lib/python3.8/site-packages/airflow/example_dags/example_task_group.py                                                                1           0  0.18s           2026-08-13T12:33:45
/home/airflow/.local/lib/python3.8/site-packages/airflow/example_dags/example_params_trigger_ui.py                                                         1           0  0.29s           2026-08-13T12:33:46
/home/airflow/.local/lib/python3.8/site-packages/airflow/example_dags/tutorial_taskflow_api_virtualenv.py                                                  1           0  0.23s           2026-08-13T12:33:46
/home/airflow/.local/lib/python3.8/site-packages/airflow/example_dags/example_dynamic_task_mapping_with_no_taskflow_operators.py                           1           0  0.17s           2026-08-13T12:33:47
/home/airflow/.local/lib/python3.8/site-packages/airflow/example_dags/example_xcom.py                                                                      1           0  0.21s           2026-08-13T12:33:49
/home/airflow/.local/lib/python3.8/site-packages/airflow/example_dags/example_sla_dag.py                                                                   1           0  0.20s           2026-08-13T12:33:51
/home/airflow/.local/lib/python3.8/site-packages/airflow/example_dags/example_bash_operator.py                                                             1           0  0.32s           2026-08-13T12:33:52
/home/airflow/.local/lib/python3.8/site-packages/airflow/example_dags/example_nested_branch_dag.py                                                         1           0  0.28s           2026-08-13T12:33:52
/home/airflow/.local/lib/python3.8/site-packages/airflow/example_dags/example_setup_teardown.py                                                            1           0  0.19s           2026-08-13T12:33:53
/home/airflow/.local/lib/python3.8/site-packages/airflow/example_dags/example_sensors.py                                                                   1           0  0.17s           2026-08-13T12:33:53
/home/airflow/.local/lib/python3.8/site-packages/airflow/example_dags/example_trigger_controller_dag.py                                                    1           0  0.16s           2026-08-13T12:33:54
/home/airflow/.local/lib/python3.8/site-packages/airflow/example_dags/example_python_decorator.py                                                          1           0  0.18s           2026-08-13T12:33:55
/home/airflow/.local/lib/python3.8/site-packages/airflow/example_dags/tutorial.py                                                                          1           0  0.19s           2026-08-13T12:33:55
/home/airflow/.local/lib/python3.8/site-packages/airflow/example_dags/example_passing_params_via_test_command.py                                           1           0  0.17s           2026-08-13T12:33:56
/home/airflow/.local/lib/python3.8/site-packages/airflow/example_dags/example_task_group_decorator.py                                                      1           0  0.22s           2026-08-13T12:33:57
/home/airflow/.local/lib/python3.8/site-packages/airflow/example_dags/example_trigger_target_dag.py                                                        1           0  0.16s           2026-08-13T12:33:57
/home/airflow/.local/lib/python3.8/site-packages/airflow/example_dags/example_sensor_decorator.py                                                          1           0  0.14s           2026-08-13T12:33:57
/home/airflow/.local/lib/python3.8/site-packages/airflow/example_dags/example_skip_dag.py                                                                  1           0  0.15s           2026-08-13T12:33:58
/home/airflow/.local/lib/python3.8/site-packages/airflow/example_dags/example_complex.py                                                                   1           0  0.16s           2026-08-13T12:33:59
/home/airflow/.local/lib/python3.8/site-packages/airflow/example_dags/example_dag_decorator.py                                                             1           0  0.44s           2026-08-13T12:34:01
/home/airflow/.local/lib/python3.8/site-packages/airflow/example_dags/example_latest_only.py                                                               1           0  0.15s           2026-08-13T12:34:01
/home/airflow/.local/lib/python3.8/site-packages/airflow/example_dags/tutorial_dag.py                                                                      1           0  0.15s           2026-08-13T12:34:01
/home/airflow/.local/lib/python3.8/site-packages/airflow/example_dags/example_time_delta_sensor_async.py                                                   1           0  0.16s           2026-08-13T12:34:02
/home/airflow/.local/lib/python3.8/site-packages/airflow/example_dags/example_local_kubernetes_executor.py                                                 1           0  0.19s           2026-08-13T12:34:04
/home/airflow/.local/lib/python3.8/site-packages/airflow/example_dags/example_dynamic_task_mapping.py                                                      1           0  0.16s           2026-08-13T12:34:04
/home/airflow/.local/lib/python3.8/site-packages/airflow/example_dags/example_branch_python_dop_operator_3.py                                              1           0  0.14s           2026-08-13T12:34:04
/home/airflow/.local/lib/python3.8/site-packages/airflow/example_dags/example_branch_labels.py                                                             1           0  0.18s           2026-08-13T12:34:06
/home/airflow/.local/lib/python3.8/site-packages/airflow/example_dags/example_branch_operator_decorator.py                                                 1           0  0.18s           2026-08-13T12:34:07
/home/airflow/.local/lib/python3.8/site-packages/airflow/example_dags/example_params_ui_tutorial.py                                                        1           0  0.18s           2026-08-13T12:34:07
/home/airflow/.local/lib/python3.8/site-packages/airflow/example_dags/example_branch_day_of_week_operator.py                                               1           0  0.17s           2026-08-13T12:34:08
/home/airflow/.local/lib/python3.8/site-packages/airflow/example_dags/tutorial_taskflow_api.py                                                             1           0  0.14s           2026-08-13T12:34:08
/home/airflow/.local/lib/python3.8/site-packages/airflow/example_dags/example_kubernetes_executor.py                                                       1           0  0.21s           2026-08-13T12:34:09
/home/airflow/.local/lib/python3.8/site-packages/airflow/example_dags/example_python_operator.py                                                           1           0  0.17s           2026-08-13T12:34:09
/home/airflow/.local/lib/python3.8/site-packages/airflow/example_dags/example_branch_operator.py                                                           1           0  0.20s           2026-08-13T12:34:10
/home/airflow/.local/lib/python3.8/site-packages/airflow/example_dags/example_setup_teardown_taskflow.py                                                   1           0  0.18s           2026-08-13T12:34:10
/home/airflow/.local/lib/python3.8/site-packages/airflow/example_dags/example_short_circuit_decorator.py                                                   1           0  0.26s           2026-08-13T12:34:11
/home/airflow/.local/lib/python3.8/site-packages/airflow/example_dags/example_short_circuit_operator.py                                                    1           0  0.26s           2026-08-13T12:34:11
/home/airflow/.local/lib/python3.8/site-packages/airflow/example_dags/tutorial_objectstorage.py                                                            1           0  0.22s           2026-08-13T12:34:11
/home/airflow/.local/lib/python3.8/site-packages/airflow/example_dags/example_external_task_marker_dag.py                                                  2           0  0.21s           2026-08-13T12:33:51
/home/airflow/.local/lib/python3.8/site-packages/airflow/example_dags/example_xcomargs.py                                                                  2           0  0.22s           2026-08-13T12:34:11
/home/airflow/.local/lib/python3.8/site-packages/airflow/example_dags/example_subdag_operator.py                                                           3           0  0.22s           2026-08-13T12:33:58
/home/airflow/.local/lib/python3.8/site-packages/airflow/example_dags/example_branch_datetime_operator.py                                                  3           0  0.19s           2026-08-13T12:34:05
/home/airflow/.local/lib/python3.8/site-packages/airflow/example_dags/example_datasets.py                                                                  6           0  0.34s           2026-08-13T12:34:11
================================================================================
[2026-08-13T12:34:43.377+0000] {manager.py:879} INFO - 
================================================================================
DAG File Processing Stats

File Path                                                                                                                           PID  Runtime      # DAGs    # Errors  Last Runtime    Last Run
--------------------------------------------------------------------------------------------------------------------------------  -----  ---------  --------  ----------  --------------  -------------------
/home/airflow/.local/lib/python3.8/site-packages/airflow/example_dags/subdags/subdag.py                                                                    0           0  0.11s           2026-08-13T12:34:42
/home/airflow/.local/lib/python3.8/site-packages/airflow/example_dags/plugins/event_listener.py                                                            0           0  0.09s           2026-08-13T12:34:42
/home/airflow/.local/lib/python3.8/site-packages/airflow/example_dags/plugins/listener_plugin.py                                    233  0.01s             0           0  0.10s           2026-08-13T12:34:13
/home/airflow/.local/lib/python3.8/site-packages/airflow/example_dags/plugins/workday.py                                                                   0           0  0.65s           2026-08-13T12:34:17
/home/airflow/.local/lib/python3.8/site-packages/airflow/example_dags/example_latest_only_with_trigger.py                                                  1           0  0.18s           2026-08-13T12:34:16
/home/airflow/.local/lib/python3.8/site-packages/airflow/example_dags/example_task_group.py                                                                1           0  0.16s           2026-08-13T12:34:16
/home/airflow/.local/lib/python3.8/site-packages/airflow/example_dags/example_params_trigger_ui.py                                                         1           0  0.20s           2026-08-13T12:34:17
/home/airflow/.local/lib/python3.8/site-packages/airflow/example_dags/tutorial_taskflow_api_virtualenv.py                                                  1           0  0.13s           2026-08-13T12:34:17
/home/airflow/.local/lib/python3.8/site-packages/airflow/example_dags/example_dynamic_task_mapping_with_no_taskflow_operators.py                           1           0  0.17s           2026-08-13T12:34:18
/home/airflow/.local/lib/python3.8/site-packages/airflow/example_dags/example_xcom.py                                                                      1           0  0.19s           2026-08-13T12:34:20
/home/airflow/.local/lib/python3.8/site-packages/airflow/example_dags/example_sla_dag.py                                                                   1           0  0.16s           2026-08-13T12:34:21
/home/airflow/.local/lib/python3.8/site-packages/airflow/example_dags/example_bash_operator.py                                                             1           0  0.20s           2026-08-13T12:34:22
/home/airflow/.local/lib/python3.8/site-packages/airflow/example_dags/example_nested_branch_dag.py                                                         1           0  0.17s           2026-08-13T12:34:22
/home/airflow/.local/lib/python3.8/site-packages/airflow/example_dags/example_setup_teardown.py                                                            1           0  0.18s           2026-08-13T12:34:23
/home/airflow/.local/lib/python3.8/site-packages/airflow/example_dags/example_sensors.py                                                                   1           0  0.15s           2026-08-13T12:34:23
/home/airflow/.local/lib/python3.8/site-packages/airflow/example_dags/example_trigger_controller_dag.py                                                    1           0  0.16s           2026-08-13T12:34:25
/home/airflow/.local/lib/python3.8/site-packages/airflow/example_dags/example_python_decorator.py                                                          1           0  0.20s           2026-08-13T12:34:26
/home/airflow/.local/lib/python3.8/site-packages/airflow/example_dags/tutorial.py                                                                          1           0  0.21s           2026-08-13T12:34:26
/home/airflow/.local/lib/python3.8/site-packages/airflow/example_dags/example_passing_params_via_test_command.py                                           1           0  0.18s           2026-08-13T12:34:26
/home/airflow/.local/lib/python3.8/site-packages/airflow/example_dags/example_task_group_decorator.py                                                      1           0  0.21s           2026-08-13T12:34:27
/home/airflow/.local/lib/python3.8/site-packages/airflow/example_dags/example_trigger_target_dag.py                                                        1           0  0.16s           2026-08-13T12:34:27
/home/airflow/.local/lib/python3.8/site-packages/airflow/example_dags/example_sensor_decorator.py                                                          1           0  0.13s           2026-08-13T12:34:27
/home/airflow/.local/lib/python3.8/site-packages/airflow/example_dags/example_skip_dag.py                                                                  1           0  0.14s           2026-08-13T12:34:28
/home/airflow/.local/lib/python3.8/site-packages/airflow/example_dags/example_complex.py                                                                   1           0  0.21s           2026-08-13T12:34:29
/home/airflow/.local/lib/python3.8/site-packages/airflow/example_dags/example_dag_decorator.py                                                             1           0  0.57s           2026-08-13T12:34:32
/home/airflow/.local/lib/python3.8/site-packages/airflow/example_dags/example_latest_only.py                                                               1           0  0.27s           2026-08-13T12:34:31
/home/airflow/.local/lib/python3.8/site-packages/airflow/example_dags/tutorial_dag.py                                                                      1           0  0.17s           2026-08-13T12:34:31
/home/airflow/.local/lib/python3.8/site-packages/airflow/example_dags/example_time_delta_sensor_async.py                                                   1           0  0.13s           2026-08-13T12:34:33
/home/airflow/.local/lib/python3.8/site-packages/airflow/example_dags/example_local_kubernetes_executor.py                                                 1           0  0.17s           2026-08-13T12:34:34
/home/airflow/.local/lib/python3.8/site-packages/airflow/example_dags/example_dynamic_task_mapping.py                                                      1           0  0.17s           2026-08-13T12:34:34
/home/airflow/.local/lib/python3.8/site-packages/airflow/example_dags/example_branch_python_dop_operator_3.py                                              1           0  0.17s           2026-08-13T12:34:34
/home/airflow/.local/lib/python3.8/site-packages/airflow/example_dags/example_branch_labels.py                                                             1           0  0.19s           2026-08-13T12:34:36
/home/airflow/.local/lib/python3.8/site-packages/airflow/example_dags/example_branch_operator_decorator.py                                                 1           0  0.20s           2026-08-13T12:34:37
/home/airflow/.local/lib/python3.8/site-packages/airflow/example_dags/example_params_ui_tutorial.py                                                        1           0  0.19s           2026-08-13T12:34:38
/home/airflow/.local/lib/python3.8/site-packages/airflow/example_dags/example_branch_day_of_week_operator.py                                               1           0  0.19s           2026-08-13T12:34:39
/home/airflow/.local/lib/python3.8/site-packages/airflow/example_dags/tutorial_taskflow_api.py                                                             1           0  0.15s           2026-08-13T12:34:39
/home/airflow/.local/lib/python3.8/site-packages/airflow/example_dags/example_kubernetes_executor.py                                                       1           0  0.20s           2026-08-13T12:34:40
/home/airflow/.local/lib/python3.8/site-packages/airflow/example_dags/example_python_operator.py                                                           1           0  0.15s           2026-08-13T12:34:40
/home/airflow/.local/lib/python3.8/site-packages/airflow/example_dags/example_branch_operator.py                                                           1           0  0.17s           2026-08-13T12:34:40
/home/airflow/.local/lib/python3.8/site-packages/airflow/example_dags/example_setup_teardown_taskflow.py                                                   1           0  0.14s           2026-08-13T12:34:40
/home/airflow/.local/lib/python3.8/site-packages/airflow/example_dags/example_short_circuit_decorator.py                                                   1           0  0.17s           2026-08-13T12:34:42
/home/airflow/.local/lib/python3.8/site-packages/airflow/example_dags/example_short_circuit_operator.py                                                    1           0  0.17s           2026-08-13T12:34:42
/home/airflow/.local/lib/python3.8/site-packages/airflow/example_dags/tutorial_objectstorage.py                                                            1           0  0.19s           2026-08-13T12:34:42
/home/airflow/.local/lib/python3.8/site-packages/airflow/example_dags/example_external_task_marker_dag.py                                                  2           0  0.21s           2026-08-13T12:34:21
/home/airflow/.local/lib/python3.8/site-packages/airflow/example_dags/example_xcomargs.py                                                                  2           0  0.22s           2026-08-13T12:34:41
/home/airflow/.local/lib/python3.8/site-packages/airflow/example_dags/example_subdag_operator.py                                                           3           0  0.19s           2026-08-13T12:34:28
/home/airflow/.local/lib/python3.8/site-packages/airflow/example_dags/example_branch_datetime_operator.py                                                  3           0  0.22s           2026-08-13T12:34:35
/home/airflow/.local/lib/python3.8/site-packages/airflow/example_dags/example_datasets.py                                                                  6           0  0.30s           2026-08-13T12:34:41
================================================================================
[2026-08-13T12:35:13.668+0000] {manager.py:879} INFO - 
================================================================================
DAG File Processing Stats

File Path                                                                                                                           PID  Runtime      # DAGs    # Errors  Last Runtime    Last Run
--------------------------------------------------------------------------------------------------------------------------------  -----  ---------  --------  ----------  --------------  -------------------
/home/airflow/.local/lib/python3.8/site-packages/airflow/example_dags/subdags/subdag.py                                                                    0           0  0.11s           2026-08-13T12:35:12
/home/airflow/.local/lib/python3.8/site-packages/airflow/example_dags/plugins/event_listener.py                                                            0           0  0.12s           2026-08-13T12:35:12
/home/airflow/.local/lib/python3.8/site-packages/airflow/example_dags/plugins/listener_plugin.py                                    288  0.01s             0           0  0.10s           2026-08-13T12:34:43
/home/airflow/.local/lib/python3.8/site-packages/airflow/example_dags/plugins/workday.py                                                                   0           0  0.68s           2026-08-13T12:34:49
/home/airflow/.local/lib/python3.8/site-packages/airflow/example_dags/example_latest_only_with_trigger.py                                                  1           0  0.20s           2026-08-13T12:34:46
/home/airflow/.local/lib/python3.8/site-packages/airflow/example_dags/example_task_group.py                                                                1           0  0.17s           2026-08-13T12:34:46
/home/airflow/.local/lib/python3.8/site-packages/airflow/example_dags/example_params_trigger_ui.py                                                         1           0  0.20s           2026-08-13T12:34:47
/home/airflow/.local/lib/python3.8/site-packages/airflow/example_dags/tutorial_taskflow_api_virtualenv.py                                                  1           0  0.14s           2026-08-13T12:34:47
/home/airflow/.local/lib/python3.8/site-packages/airflow/example_dags/example_dynamic_task_mapping_with_no_taskflow_operators.py                           1           0  0.19s           2026-08-13T12:34:48
/home/airflow/.local/lib/python3.8/site-packages/airflow/example_dags/example_xcom.py                                                                      1           0  0.23s           2026-08-13T12:34:50
/home/airflow/.local/lib/python3.8/site-packages/airflow/example_dags/example_sla_dag.py                                                                   1           0  0.16s           2026-08-13T12:34:51
/home/airflow/.local/lib/python3.8/site-packages/airflow/example_dags/example_bash_operator.py                                                             1           0  0.22s           2026-08-13T12:34:53
/home/airflow/.local/lib/python3.8/site-packages/airflow/example_dags/example_nested_branch_dag.py                                                         1           0  0.19s           2026-08-13T12:34:53
/home/airflow/.local/lib/python3.8/site-packages/airflow/example_dags/example_setup_teardown.py                                                            1           0  0.18s           2026-08-13T12:34:54
/home/airflow/.local/lib/python3.8/site-packages/airflow/example_dags/example_sensors.py                                                                   1           0  0.16s           2026-08-13T12:34:54
/home/airflow/.local/lib/python3.8/site-packages/airflow/example_dags/example_trigger_controller_dag.py                                                    1           0  0.17s           2026-08-13T12:34:55
/home/airflow/.local/lib/python3.8/site-packages/airflow/example_dags/example_python_decorator.py                                                          1           0  0.17s           2026-08-13T12:34:56
/home/airflow/.local/lib/python3.8/site-packages/airflow/example_dags/tutorial.py                                                                          1           0  0.14s           2026-08-13T12:34:56
/home/airflow/.local/lib/python3.8/site-packages/airflow/example_dags/example_passing_params_via_test_command.py                                           1           0  0.16s           2026-08-13T12:34:56
/home/airflow/.local/lib/python3.8/site-packages/airflow/example_dags/example_task_group_decorator.py                                                      1           0  0.20s           2026-08-13T12:34:57
/home/airflow/.local/lib/python3.8/site-packages/airflow/example_dags/example_trigger_target_dag.py                                                        1           0  0.14s           2026-08-13T12:34:57
/home/airflow/.local/lib/python3.8/site-packages/airflow/example_dags/example_sensor_decorator.py                                                          1           0  0.12s           2026-08-13T12:34:57
/home/airflow/.local/lib/python3.8/site-packages/airflow/example_dags/example_skip_dag.py                                                                  1           0  0.17s           2026-08-13T12:34:58
/home/airflow/.local/lib/python3.8/site-packages/airflow/example_dags/example_complex.py                                                                   1           0  0.19s           2026-08-13T12:35:00
/home/airflow/.local/lib/python3.8/site-packages/airflow/example_dags/example_dag_decorator.py                                                             1           0  0.42s           2026-08-13T12:35:03
/home/airflow/.local/lib/python3.8/site-packages/airflow/example_dags/example_latest_only.py                                                               1           0  0.19s           2026-08-13T12:35:02
/home/airflow/.local/lib/python3.8/site-packages/airflow/example_dags/tutorial_dag.py                                                                      1           0  0.16s           2026-08-13T12:35:02
/home/airflow/.local/lib/python3.8/site-packages/airflow/example_dags/example_time_delta_sensor_async.py                                                   1           0  0.18s           2026-08-13T12:35:03
/home/airflow/.local/lib/python3.8/site-packages/airflow/example_dags/example_local_kubernetes_executor.py                                                 1           0  0.22s           2026-08-13T12:35:04
/home/airflow/.local/lib/python3.8/site-packages/airflow/example_dags/example_dynamic_task_mapping.py                                                      1           0  0.18s           2026-08-13T12:35:04
/home/airflow/.local/lib/python3.8/site-packages/airflow/example_dags/example_branch_python_dop_operator_3.py                                              1           0  0.20s           2026-08-13T12:35:04
/home/airflow/.local/lib/python3.8/site-packages/airflow/example_dags/example_branch_labels.py                                                             1           0  0.23s           2026-08-13T12:35:07
/home/airflow/.local/lib/python3.8/site-packages/airflow/example_dags/example_branch_operator_decorator.py                                                 1           0  0.21s           2026-08-13T12:35:08
/home/airflow/.local/lib/python3.8/site-packages/airflow/example_dags/example_params_ui_tutorial.py                                                        1           0  0.17s           2026-08-13T12:35:08
/home/airflow/.local/lib/python3.8/site-packages/airflow/example_dags/example_branch_day_of_week_operator.py                                               1           0  0.25s           2026-08-13T12:35:09
/home/airflow/.local/lib/python3.8/site-packages/airflow/example_dags/tutorial_taskflow_api.py                                                             1           0  0.20s           2026-08-13T12:35:09
/home/airflow/.local/lib/python3.8/site-packages/airflow/example_dags/example_kubernetes_executor.py                                                       1           0  0.31s           2026-08-13T12:35:10
/home/airflow/.local/lib/python3.8/site-packages/airflow/example_dags/example_python_operator.py                                                           1           0  0.22s           2026-08-13T12:35:10
/home/airflow/.local/lib/python3.8/site-packages/airflow/example_dags/example_branch_operator.py                                                           1           0  0.30s           2026-08-13T12:35:10
/home/airflow/.local/lib/python3.8/site-packages/airflow/example_dags/example_setup_teardown_taskflow.py                                                   1           0  0.25s           2026-08-13T12:35:10
/home/airflow/.local/lib/python3.8/site-packages/airflow/example_dags/example_short_circuit_decorator.py                                                   1           0  0.25s           2026-08-13T12:35:12
/home/airflow/.local/lib/python3.8/site-packages/airflow/example_dags/example_short_circuit_operator.py                                                    1           0  0.22s           2026-08-13T12:35:12
/home/airflow/.local/lib/python3.8/site-packages/airflow/example_dags/tutorial_objectstorage.py                                                            1           0  0.19s           2026-08-13T12:35:12
/home/airflow/.local/lib/python3.8/site-packages/airflow/example_dags/example_external_task_marker_dag.py                                                  2           0  0.24s           2026-08-13T12:34:51
/home/airflow/.local/lib/python3.8/site-packages/airflow/example_dags/example_xcomargs.py                                                                  2           0  0.18s           2026-08-13T12:35:12
/home/airflow/.local/lib/python3.8/site-packages/airflow/example_dags/example_subdag_operator.py                                                           3           0  0.20s           2026-08-13T12:34:58
/home/airflow/.local/lib/python3.8/site-packages/airflow/example_dags/example_branch_datetime_operator.py                                                  3           0  0.23s           2026-08-13T12:35:05
/home/airflow/.local/lib/python3.8/site-packages/airflow/example_dags/example_datasets.py                                                                  6           0  0.28s           2026-08-13T12:35:12
================================================================================
[2026-08-13T12:35:44.313+0000] {manager.py:879} INFO - 
================================================================================
DAG File Processing Stats

File Path                                                                                                                           PID  Runtime      # DAGs    # Errors  Last Runtime    Last Run
--------------------------------------------------------------------------------------------------------------------------------  -----  ---------  --------  ----------  --------------  -------------------
/home/airflow/.local/lib/python3.8/site-packages/airflow/example_dags/subdags/subdag.py                                                                    0           0  0.10s           2026-08-13T12:35:43
/home/airflow/.local/lib/python3.8/site-packages/airflow/example_dags/plugins/event_listener.py                                                            0           0  0.13s           2026-08-13T12:35:43
/home/airflow/.local/lib/python3.8/site-packages/airflow/example_dags/plugins/listener_plugin.py                                    343  0.01s             0           0  0.09s           2026-08-13T12:35:13
/home/airflow/.local/lib/python3.8/site-packages/airflow/example_dags/plugins/workday.py                                                                   0           0  0.73s           2026-08-13T12:35:20
/home/airflow/.local/lib/python3.8/site-packages/airflow/example_dags/example_latest_only_with_trigger.py                                                  1           0  0.34s           2026-08-13T12:35:17
/home/airflow/.local/lib/python3.8/site-packages/airflow/example_dags/example_task_group.py                                                                1           0  0.31s           2026-08-13T12:35:17
/home/airflow/.local/lib/python3.8/site-packages/airflow/example_dags/example_params_trigger_ui.py                                                         1           0  0.23s           2026-08-13T12:35:18
/home/airflow/.local/lib/python3.8/site-packages/airflow/example_dags/tutorial_taskflow_api_virtualenv.py                                                  1           0  0.17s           2026-08-13T12:35:17
/home/airflow/.local/lib/python3.8/site-packages/airflow/example_dags/example_dynamic_task_mapping_with_no_taskflow_operators.py                           1           0  0.32s           2026-08-13T12:35:19
/home/airflow/.local/lib/python3.8/site-packages/airflow/example_dags/example_xcom.py                                                                      1           0  0.15s           2026-08-13T12:35:20
/home/airflow/.local/lib/python3.8/site-packages/airflow/example_dags/example_sla_dag.py                                                                   1           0  0.17s           2026-08-13T12:35:22
/home/airflow/.local/lib/python3.8/site-packages/airflow/example_dags/example_bash_operator.py                                                             1           0  0.25s           2026-08-13T12:35:24
/home/airflow/.local/lib/python3.8/site-packages/airflow/example_dags/example_nested_branch_dag.py                                                         1           0  0.21s           2026-08-13T12:35:24
/home/airflow/.local/lib/python3.8/site-packages/airflow/example_dags/example_setup_teardown.py                                                            1           0  0.25s           2026-08-13T12:35:24
/home/airflow/.local/lib/python3.8/site-packages/airflow/example_dags/example_sensors.py                                                                   1           0  0.14s           2026-08-13T12:35:24
/home/airflow/.local/lib/python3.8/site-packages/airflow/example_dags/example_trigger_controller_dag.py                                                    1           0  0.19s           2026-08-13T12:35:25
/home/airflow/.local/lib/python3.8/site-packages/airflow/example_dags/example_python_decorator.py                                                          1           0  0.20s           2026-08-13T12:35:26
/home/airflow/.local/lib/python3.8/site-packages/airflow/example_dags/tutorial.py                                                                          1           0  0.20s           2026-08-13T12:35:26
/home/airflow/.local/lib/python3.8/site-packages/airflow/example_dags/example_passing_params_via_test_command.py                                           1           0  0.22s           2026-08-13T12:35:27
/home/airflow/.local/lib/python3.8/site-packages/airflow/example_dags/example_task_group_decorator.py                                                      1           0  0.22s           2026-08-13T12:35:28
/home/airflow/.local/lib/python3.8/site-packages/airflow/example_dags/example_trigger_target_dag.py                                                        1           0  0.17s           2026-08-13T12:35:28
/home/airflow/.local/lib/python3.8/site-packages/airflow/example_dags/example_sensor_decorator.py                                                          1           0  0.13s           2026-08-13T12:35:28
/home/airflow/.local/lib/python3.8/site-packages/airflow/example_dags/example_skip_dag.py                                                                  1           0  0.19s           2026-08-13T12:35:29
/home/airflow/.local/lib/python3.8/site-packages/airflow/example_dags/example_complex.py                                                                   1           0  0.16s           2026-08-13T12:35:30
/home/airflow/.local/lib/python3.8/site-packages/airflow/example_dags/example_dag_decorator.py                                                             1           0  0.40s           2026-08-13T12:35:34
/home/airflow/.local/lib/python3.8/site-packages/airflow/example_dags/example_latest_only.py                                                               1           0  0.18s           2026-08-13T12:35:32
/home/airflow/.local/lib/python3.8/site-packages/airflow/example_dags/tutorial_dag.py                                                                      1           0  0.16s           2026-08-13T12:35:32
/home/airflow/.local/lib/python3.8/site-packages/airflow/example_dags/example_time_delta_sensor_async.py                                                   1           0  0.16s           2026-08-13T12:35:33
/home/airflow/.local/lib/python3.8/site-packages/airflow/example_dags/example_local_kubernetes_executor.py                                                 1           0  0.21s           2026-08-13T12:35:35
/home/airflow/.local/lib/python3.8/site-packages/airflow/example_dags/example_dynamic_task_mapping.py                                                      1           0  0.17s           2026-08-13T12:35:35
/home/airflow/.local/lib/python3.8/site-packages/airflow/example_dags/example_branch_python_dop_operator_3.py                                              1           0  0.16s           2026-08-13T12:35:35
/home/airflow/.local/lib/python3.8/site-packages/airflow/example_dags/example_branch_labels.py                                                             1           0  0.18s           2026-08-13T12:35:37
/home/airflow/.local/lib/python3.8/site-packages/airflow/example_dags/example_branch_operator_decorator.py                                                 1           0  0.25s           2026-08-13T12:35:38
/home/airflow/.local/lib/python3.8/site-packages/airflow/example_dags/example_params_ui_tutorial.py                                                        1           0  0.27s           2026-08-13T12:35:38
/home/airflow/.local/lib/python3.8/site-packages/airflow/example_dags/example_branch_day_of_week_operator.py                                               1           0  0.23s           2026-08-13T12:35:39
/home/airflow/.local/lib/python3.8/site-packages/airflow/example_dags/tutorial_taskflow_api.py                                                             1           0  0.19s           2026-08-13T12:35:39
/home/airflow/.local/lib/python3.8/site-packages/airflow/example_dags/example_kubernetes_executor.py                                                       1           0  0.23s           2026-08-13T12:35:40
/home/airflow/.local/lib/python3.8/site-packages/airflow/example_dags/example_python_operator.py                                                           1           0  0.17s           2026-08-13T12:35:40
/home/airflow/.local/lib/python3.8/site-packages/airflow/example_dags/example_branch_operator.py                                                           1           0  0.19s           2026-08-13T12:35:41
/home/airflow/.local/lib/python3.8/site-packages/airflow/example_dags/example_setup_teardown_taskflow.py                                                   1           0  0.17s           2026-08-13T12:35:41
/home/airflow/.local/lib/python3.8/site-packages/airflow/example_dags/example_short_circuit_decorator.py                                                   1           0  0.21s           2026-08-13T12:35:42
/home/airflow/.local/lib/python3.8/site-packages/airflow/example_dags/example_short_circuit_operator.py                                                    1           0  0.22s           2026-08-13T12:35:42
/home/airflow/.local/lib/python3.8/site-packages/airflow/example_dags/tutorial_objectstorage.py                                                            1           0  0.20s           2026-08-13T12:35:43
/home/airflow/.local/lib/python3.8/site-packages/airflow/example_dags/example_external_task_marker_dag.py                                                  2           0  0.17s           2026-08-13T12:35:22
/home/airflow/.local/lib/python3.8/site-packages/airflow/example_dags/example_xcomargs.py                                                                  2           0  0.23s           2026-08-13T12:35:42
/home/airflow/.local/lib/python3.8/site-packages/airflow/example_dags/example_subdag_operator.py                                                           3           0  0.24s           2026-08-13T12:35:29
/home/airflow/.local/lib/python3.8/site-packages/airflow/example_dags/example_branch_datetime_operator.py                                                  3           0  0.20s           2026-08-13T12:35:36
/home/airflow/.local/lib/python3.8/site-packages/airflow/example_dags/example_datasets.py                                                                  6           0  0.27s           2026-08-13T12:35:42
================================================================================
[2026-08-13T12:36:14.482+0000] {manager.py:879} INFO - 
================================================================================
DAG File Processing Stats

File Path                                                                                                                           PID  Runtime      # DAGs    # Errors  Last Runtime    Last Run
--------------------------------------------------------------------------------------------------------------------------------  -----  ---------  --------  ----------  --------------  -------------------
/home/airflow/.local/lib/python3.8/site-packages/airflow/example_dags/subdags/subdag.py                                                                    0           0  0.09s           2026-08-13T12:36:13
/home/airflow/.local/lib/python3.8/site-packages/airflow/example_dags/plugins/event_listener.py                                                            0           0  0.10s           2026-08-13T12:36:13
/home/airflow/.local/lib/python3.8/site-packages/airflow/example_dags/plugins/listener_plugin.py                                    398  0.01s             0           0  0.11s           2026-08-13T12:35:44
/home/airflow/.local/lib/python3.8/site-packages/airflow/example_dags/plugins/workday.py                                                                   0           0  0.83s           2026-08-13T12:35:51
/home/airflow/.local/lib/python3.8/site-packages/airflow/example_dags/example_latest_only_with_trigger.py                                                  1           0  0.17s           2026-08-13T12:35:47
/home/airflow/.local/lib/python3.8/site-packages/airflow/example_dags/example_task_group.py                                                                1           0  0.16s           2026-08-13T12:35:47
/home/airflow/.local/lib/python3.8/site-packages/airflow/example_dags/example_params_trigger_ui.py                                                         1           0  0.27s           2026-08-13T12:35:48
/home/airflow/.local/lib/python3.8/site-packages/airflow/example_dags/tutorial_taskflow_api_virtualenv.py                                                  1           0  0.22s           2026-08-13T12:35:48
/home/airflow/.local/lib/python3.8/site-packages/airflow/example_dags/example_dynamic_task_mapping_with_no_taskflow_operators.py                           1           0  0.19s           2026-08-13T12:35:49
/home/airflow/.local/lib/python3.8/site-packages/airflow/example_dags/example_xcom.py                                                                      1           0  0.20s           2026-08-13T12:35:51
/home/airflow/.local/lib/python3.8/site-packages/airflow/example_dags/example_sla_dag.py                                                                   1           0  0.23s           2026-08-13T12:35:53
/home/airflow/.local/lib/python3.8/site-packages/airflow/example_dags/example_bash_operator.py                                                             1           0  0.20s           2026-08-13T12:35:55
/home/airflow/.local/lib/python3.8/site-packages/airflow/example_dags/example_nested_branch_dag.py                                                         1           0  0.16s           2026-08-13T12:35:55
/home/airflow/.local/lib/python3.8/site-packages/airflow/example_dags/example_setup_teardown.py                                                            1           0  0.17s           2026-08-13T12:35:55
/home/airflow/.local/lib/python3.8/site-packages/airflow/example_dags/example_sensors.py                                                                   1           0  0.16s           2026-08-13T12:35:55
/home/airflow/.local/lib/python3.8/site-packages/airflow/example_dags/example_trigger_controller_dag.py                                                    1           0  0.20s           2026-08-13T12:35:56
/home/airflow/.local/lib/python3.8/site-packages/airflow/example_dags/example_python_decorator.py                                                          1           0  0.21s           2026-08-13T12:35:57
/home/airflow/.local/lib/python3.8/site-packages/airflow/example_dags/tutorial.py                                                                          1           0  0.17s           2026-08-13T12:35:57
/home/airflow/.local/lib/python3.8/site-packages/airflow/example_dags/example_passing_params_via_test_command.py                                           1           0  0.20s           2026-08-13T12:35:58
/home/airflow/.local/lib/python3.8/site-packages/airflow/example_dags/example_task_group_decorator.py                                                      1           0  0.18s           2026-08-13T12:35:58
/home/airflow/.local/lib/python3.8/site-packages/airflow/example_dags/example_trigger_target_dag.py                                                        1           0  0.14s           2026-08-13T12:35:58
/home/airflow/.local/lib/python3.8/site-packages/airflow/example_dags/example_sensor_decorator.py                                                          1           0  0.12s           2026-08-13T12:35:58
/home/airflow/.local/lib/python3.8/site-packages/airflow/example_dags/example_skip_dag.py                                                                  1           0  0.16s           2026-08-13T12:35:59
/home/airflow/.local/lib/python3.8/site-packages/airflow/example_dags/example_complex.py                                                                   1           0  0.17s           2026-08-13T12:36:00
/home/airflow/.local/lib/python3.8/site-packages/airflow/example_dags/example_dag_decorator.py                                                             1           0  0.42s           2026-08-13T12:36:05
/home/airflow/.local/lib/python3.8/site-packages/airflow/example_dags/example_latest_only.py                                                               1           0  0.17s           2026-08-13T12:36:02
/home/airflow/.local/lib/python3.8/site-packages/airflow/example_dags/tutorial_dag.py                                                                      1           0  0.14s           2026-08-13T12:36:02
/home/airflow/.local/lib/python3.8/site-packages/airflow/example_dags/example_time_delta_sensor_async.py                                                   1           0  0.17s           2026-08-13T12:36:04
/home/airflow/.local/lib/python3.8/site-packages/airflow/example_dags/example_local_kubernetes_executor.py                                                 1           0  0.15s           2026-08-13T12:36:05
/home/airflow/.local/lib/python3.8/site-packages/airflow/example_dags/example_dynamic_task_mapping.py                                                      1           0  0.15s           2026-08-13T12:36:05
/home/airflow/.local/lib/python3.8/site-packages/airflow/example_dags/example_branch_python_dop_operator_3.py                                              1           0  0.15s           2026-08-13T12:36:05
/home/airflow/.local/lib/python3.8/site-packages/airflow/example_dags/example_branch_labels.py                                                             1           0  0.20s           2026-08-13T12:36:07
/home/airflow/.local/lib/python3.8/site-packages/airflow/example_dags/example_branch_operator_decorator.py                                                 1           0  0.21s           2026-08-13T12:36:08
/home/airflow/.local/lib/python3.8/site-packages/airflow/example_dags/example_params_ui_tutorial.py                                                        1           0  0.21s           2026-08-13T12:36:08
/home/airflow/.local/lib/python3.8/site-packages/airflow/example_dags/example_branch_day_of_week_operator.py                                               1           0  0.17s           2026-08-13T12:36:10
/home/airflow/.local/lib/python3.8/site-packages/airflow/example_dags/tutorial_taskflow_api.py                                                             1           0  0.14s           2026-08-13T12:36:10
/home/airflow/.local/lib/python3.8/site-packages/airflow/example_dags/example_kubernetes_executor.py                                                       1           0  0.26s           2026-08-13T12:36:11
/home/airflow/.local/lib/python3.8/site-packages/airflow/example_dags/example_python_operator.py                                                           1           0  0.20s           2026-08-13T12:36:11
/home/airflow/.local/lib/python3.8/site-packages/airflow/example_dags/example_branch_operator.py                                                           1           0  0.18s           2026-08-13T12:36:11
/home/airflow/.local/lib/python3.8/site-packages/airflow/example_dags/example_setup_teardown_taskflow.py                                                   1           0  0.15s           2026-08-13T12:36:11
/home/airflow/.local/lib/python3.8/site-packages/airflow/example_dags/example_short_circuit_decorator.py                                                   1           0  0.18s           2026-08-13T12:36:13
/home/airflow/.local/lib/python3.8/site-packages/airflow/example_dags/example_short_circuit_operator.py                                                    1           0  0.15s           2026-08-13T12:36:13
/home/airflow/.local/lib/python3.8/site-packages/airflow/example_dags/tutorial_objectstorage.py                                                            1           0  0.13s           2026-08-13T12:36:13
/home/airflow/.local/lib/python3.8/site-packages/airflow/example_dags/example_external_task_marker_dag.py                                                  2           0  0.23s           2026-08-13T12:35:53
/home/airflow/.local/lib/python3.8/site-packages/airflow/example_dags/example_xcomargs.py                                                                  2           0  0.22s           2026-08-13T12:36:12
/home/airflow/.local/lib/python3.8/site-packages/airflow/example_dags/example_subdag_operator.py                                                           3           0  0.21s           2026-08-13T12:35:59
/home/airflow/.local/lib/python3.8/site-packages/airflow/example_dags/example_branch_datetime_operator.py                                                  3           0  0.32s           2026-08-13T12:36:06
/home/airflow/.local/lib/python3.8/site-packages/airflow/example_dags/example_datasets.py                                                                  6           0  0.23s           2026-08-13T12:36:12
================================================================================
[2026-08-13T12:40:20.095+0000] {manager.py:469} INFO - Processing files using up to 2 processes at a time 
[2026-08-13T12:40:20.099+0000] {manager.py:470} INFO - Process each file at most once every 30 seconds
[2026-08-13T12:40:20.101+0000] {manager.py:471} INFO - Checking for new files in /opt/airflow/dags every 300 seconds
[2026-08-13T12:40:20.112+0000] {manager.py:738} INFO - Searching for files in /opt/airflow/dags
[2026-08-13T12:40:20.347+0000] {manager.py:741} INFO - There are 48 files in /opt/airflow/dags
[2026-08-13T12:40:21.834+0000] {manager.py:879} INFO - 
================================================================================
DAG File Processing Stats

File Path                                                                                                                           PID  Runtime      # DAGs    # Errors  Last Runtime    Last Run
--------------------------------------------------------------------------------------------------------------------------------  -----  ---------  --------  ----------  --------------  ----------
/home/airflow/.local/lib/python3.8/site-packages/airflow/example_dags/example_latest_only_with_trigger.py                            82  0.80s             0           0
/home/airflow/.local/lib/python3.8/site-packages/airflow/example_dags/example_task_group.py                                          83  0.57s             0           0
/home/airflow/.local/lib/python3.8/site-packages/airflow/example_dags/example_params_trigger_ui.py                                                         0           0
/home/airflow/.local/lib/python3.8/site-packages/airflow/example_dags/tutorial_taskflow_api_virtualenv.py                                                  0           0
/home/airflow/.local/lib/python3.8/site-packages/airflow/example_dags/example_dynamic_task_mapping_with_no_taskflow_operators.py                           0           0
/home/airflow/.local/lib/python3.8/site-packages/airflow/example_dags/example_xcom.py                                                                      0           0
/home/airflow/.local/lib/python3.8/site-packages/airflow/example_dags/example_external_task_marker_dag.py                                                  0           0
/home/airflow/.local/lib/python3.8/site-packages/airflow/example_dags/example_sla_dag.py                                                                   0           0
/home/airflow/.local/lib/python3.8/site-packages/airflow/example_dags/example_bash_operator.py                                                             0           0
/home/airflow/.local/lib/python3.8/site-packages/airflow/example_dags/example_nested_branch_dag.py                                                         0           0
/home/airflow/.local/lib/python3.8/site-packages/airflow/example_dags/example_setup_teardown.py                                                            0           0
/home/airflow/.local/lib/python3.8/site-packages/airflow/example_dags/example_sensors.py                                                                   0           0
/home/airflow/.local/lib/python3.8/site-packages/airflow/example_dags/example_trigger_controller_dag.py                                                    0           0
/home/airflow/.local/lib/python3.8/site-packages/airflow/example_dags/example_python_decorator.py                                                          0           0
/home/airflow/.local/lib/python3.8/site-packages/airflow/example_dags/tutorial.py                                                                          0           0
/home/airflow/.local/lib/python3.8/site-packages/airflow/example_dags/example_passing_params_via_test_command.py                                           0           0
/home/airflow/.local/lib/python3.8/site-packages/airflow/example_dags/example_task_group_decorator.py                                                      0           0
/home/airflow/.local/lib/python3.8/site-packages/airflow/example_dags/example_trigger_target_dag.py                                                        0           0
/home/airflow/.local/lib/python3.8/site-packages/airflow/example_dags/example_sensor_decorator.py                                                          0           0
/home/airflow/.local/lib/python3.8/site-packages/airflow/example_dags/example_subdag_operator.py                                                           0           0
/home/airflow/.local/lib/python3.8/site-packages/airflow/example_dags/example_skip_dag.py                                                                  0           0
/home/airflow/.local/lib/python3.8/site-packages/airflow/example_dags/example_complex.py                                                                   0           0
/home/airflow/.local/lib/python3.8/site-packages/airflow/example_dags/example_dag_decorator.py                                                             0           0
/home/airflow/.local/lib/python3.8/site-packages/airflow/example_dags/example_latest_only.py                                                               0           0
/home/airflow/.local/lib/python3.8/site-packages/airflow/example_dags/tutorial_dag.py                                                                      0           0
/home/airflow/.local/lib/python3.8/site-packages/airflow/example_dags/example_time_delta_sensor_async.py                                                   0           0
/home/airflow/.local/lib/python3.8/site-packages/airflow/example_dags/example_local_kubernetes_executor.py                                                 0           0
/home/airflow/.local/lib/python3.8/site-packages/airflow/example_dags/example_dynamic_task_mapping.py                                                      0           0
/home/airflow/.local/lib/python3.8/site-packages/airflow/example_dags/example_branch_python_dop_operator_3.py                                              0           0
/home/airflow/.local/lib/python3.8/site-packages/airflow/example_dags/example_branch_datetime_operator.py                                                  0           0
/home/airflow/.local/lib/python3.8/site-packages/airflow/example_dags/example_branch_labels.py                                                             0           0
/home/airflow/.local/lib/python3.8/site-packages/airflow/example_dags/example_branch_operator_decorator.py                                                 0           0
/home/airflow/.local/lib/python3.8/site-packages/airflow/example_dags/example_params_ui_tutorial.py                                                        0           0
/home/airflow/.local/lib/python3.8/site-packages/airflow/example_dags/example_branch_day_of_week_operator.py                                               0           0
/home/airflow/.local/lib/python3.8/site-packages/airflow/example_dags/tutorial_taskflow_api.py                                                             0           0
/home/airflow/.local/lib/python3.8/site-packages/airflow/example_dags/example_kubernetes_executor.py                                                       0           0
/home/airflow/.local/lib/python3.8/site-packages/airflow/example_dags/example_python_operator.py                                                           0           0
/home/airflow/.local/lib/python3.8/site-packages/airflow/example_dags/example_branch_operator.py                                                           0           0
/home/airflow/.local/lib/python3.8/site-packages/airflow/example_dags/example_setup_teardown_taskflow.py                                                   0           0
/home/airflow/.local/lib/python3.8/site-packages/airflow/example_dags/example_xcomargs.py                                                                  0           0
/home/airflow/.local/lib/python3.8/site-packages/airflow/example_dags/example_datasets.py                                                                  0           0
/home/airflow/.local/lib/python3.8/site-packages/airflow/example_dags/example_short_circuit_decorator.py                                                   0           0
/home/airflow/.local/lib/python3.8/site-packages/airflow/example_dags/example_short_circuit_operator.py                                                    0           0
/home/airflow/.local/lib/python3.8/site-packages/airflow/example_dags/tutorial_objectstorage.py                                                            0           0
/home/airflow/.local/lib/python3.8/site-packages/airflow/example_dags/subdags/subdag.py                                                                    0           0
/home/airflow/.local/lib/python3.8/site-packages/airflow/example_dags/plugins/event_listener.py                                                            0           0
/home/airflow/.local/lib/python3.8/site-packages/airflow/example_dags/plugins/listener_plugin.py                                                           0           0
/home/airflow/.local/lib/python3.8/site-packages/airflow/example_dags/plugins/workday.py                                                                   0           0
================================================================================
[2026-08-13T12:40:52.630+0000] {manager.py:879} INFO - 
================================================================================
DAG File Processing Stats

File Path                                                                                                                           PID  Runtime      # DAGs    # Errors  Last Runtime    Last Run
--------------------------------------------------------------------------------------------------------------------------------  -----  ---------  --------  ----------  --------------  -------------------
/home/airflow/.local/lib/python3.8/site-packages/airflow/example_dags/example_params_trigger_ui.py                                   90  14.26s            0           0
/home/airflow/.local/lib/python3.8/site-packages/airflow/example_dags/tutorial_taskflow_api_virtualenv.py                            91  13.71s            0           0
/home/airflow/.local/lib/python3.8/site-packages/airflow/example_dags/example_dynamic_task_mapping_with_no_taskflow_operators.py                           0           0
/home/airflow/.local/lib/python3.8/site-packages/airflow/example_dags/example_xcom.py                                                                      0           0
/home/airflow/.local/lib/python3.8/site-packages/airflow/example_dags/example_external_task_marker_dag.py                                                  0           0
/home/airflow/.local/lib/python3.8/site-packages/airflow/example_dags/example_sla_dag.py                                                                   0           0
/home/airflow/.local/lib/python3.8/site-packages/airflow/example_dags/example_bash_operator.py                                                             0           0
/home/airflow/.local/lib/python3.8/site-packages/airflow/example_dags/example_nested_branch_dag.py                                                         0           0
/home/airflow/.local/lib/python3.8/site-packages/airflow/example_dags/example_setup_teardown.py                                                            0           0
/home/airflow/.local/lib/python3.8/site-packages/airflow/example_dags/example_sensors.py                                                                   0           0
/home/airflow/.local/lib/python3.8/site-packages/airflow/example_dags/example_trigger_controller_dag.py                                                    0           0
/home/airflow/.local/lib/python3.8/site-packages/airflow/example_dags/example_python_decorator.py                                                          0           0
/home/airflow/.local/lib/python3.8/site-packages/airflow/example_dags/tutorial.py                                                                          0           0
/home/airflow/.local/lib/python3.8/site-packages/airflow/example_dags/example_passing_params_via_test_command.py                                           0           0
/home/airflow/.local/lib/python3.8/site-packages/airflow/example_dags/example_task_group_decorator.py                                                      0           0
/home/airflow/.local/lib/python3.8/site-packages/airflow/example_dags/example_trigger_target_dag.py                                                        0           0
/home/airflow/.local/lib/python3.8/site-packages/airflow/example_dags/example_sensor_decorator.py                                                          0           0
/home/airflow/.local/lib/python3.8/site-packages/airflow/example_dags/example_subdag_operator.py                                                           0           0
/home/airflow/.local/lib/python3.8/site-packages/airflow/example_dags/example_skip_dag.py                                                                  0           0
/home/airflow/.local/lib/python3.8/site-packages/airflow/example_dags/example_complex.py                                                                   0           0
/home/airflow/.local/lib/python3.8/site-packages/airflow/example_dags/example_dag_decorator.py                                                             0           0
/home/airflow/.local/lib/python3.8/site-packages/airflow/example_dags/example_latest_only.py                                                               0           0
/home/airflow/.local/lib/python3.8/site-packages/airflow/example_dags/tutorial_dag.py                                                                      0           0
/home/airflow/.local/lib/python3.8/site-packages/airflow/example_dags/example_time_delta_sensor_async.py                                                   0           0
/home/airflow/.local/lib/python3.8/site-packages/airflow/example_dags/example_local_kubernetes_executor.py                                                 0           0
/home/airflow/.local/lib/python3.8/site-packages/airflow/example_dags/example_dynamic_task_mapping.py                                                      0           0
/home/airflow/.local/lib/python3.8/site-packages/airflow/example_dags/example_branch_python_dop_operator_3.py                                              0           0
/home/airflow/.local/lib/python3.8/site-packages/airflow/example_dags/example_branch_datetime_operator.py                                                  0           0
/home/airflow/.local/lib/python3.8/site-packages/airflow/example_dags/example_branch_labels.py                                                             0           0
/home/airflow/.local/lib/python3.8/site-packages/airflow/example_dags/example_branch_operator_decorator.py                                                 0           0
/home/airflow/.local/lib/python3.8/site-packages/airflow/example_dags/example_params_ui_tutorial.py                                                        0           0
/home/airflow/.local/lib/python3.8/site-packages/airflow/example_dags/example_branch_day_of_week_operator.py                                               0           0
/home/airflow/.local/lib/python3.8/site-packages/airflow/example_dags/tutorial_taskflow_api.py                                                             0           0
/home/airflow/.local/lib/python3.8/site-packages/airflow/example_dags/example_kubernetes_executor.py                                                       0           0
/home/airflow/.local/lib/python3.8/site-packages/airflow/example_dags/example_python_operator.py                                                           0           0
/home/airflow/.local/lib/python3.8/site-packages/airflow/example_dags/example_branch_operator.py                                                           0           0
/home/airflow/.local/lib/python3.8/site-packages/airflow/example_dags/example_setup_teardown_taskflow.py                                                   0           0
/home/airflow/.local/lib/python3.8/site-packages/airflow/example_dags/example_xcomargs.py                                                                  0           0
/home/airflow/.local/lib/python3.8/site-packages/airflow/example_dags/example_datasets.py                                                                  0           0
/home/airflow/.local/lib/python3.8/site-packages/airflow/example_dags/example_short_circuit_decorator.py                                                   0           0
/home/airflow/.local/lib/python3.8/site-packages/airflow/example_dags/example_short_circuit_operator.py                                                    0           0
/home/airflow/.local/lib/python3.8/site-packages/airflow/example_dags/tutorial_objectstorage.py                                                            0           0
/home/airflow/.local/lib/python3.8/site-packages/airflow/example_dags/subdags/subdag.py                                                                    0           0
/home/airflow/.local/lib/python3.8/site-packages/airflow/example_dags/plugins/event_listener.py                                                            0           0
/home/airflow/.local/lib/python3.8/site-packages/airflow/example_dags/plugins/listener_plugin.py                                                           0           0
/home/airflow/.local/lib/python3.8/site-packages/airflow/example_dags/plugins/workday.py                                                                   0           0
/home/airflow/.local/lib/python3.8/site-packages/airflow/example_dags/example_latest_only_with_trigger.py                                                  1           0  17.67s          2026-08-13T12:40:38
/home/airflow/.local/lib/python3.8/site-packages/airflow/example_dags/example_task_group.py                                                                1           0  12.21s          2026-08-13T12:40:33
================================================================================
[2026-08-13T12:41:23.203+0000] {manager.py:879} INFO - 
================================================================================
DAG File Processing Stats

File Path                                                                                                                           PID  Runtime      # DAGs    # Errors  Last Runtime    Last Run
--------------------------------------------------------------------------------------------------------------------------------  -----  ---------  --------  ----------  --------------  -------------------
/home/airflow/.local/lib/python3.8/site-packages/airflow/example_dags/example_bash_operator.py                                      101  5.24s             0           0
/home/airflow/.local/lib/python3.8/site-packages/airflow/example_dags/example_nested_branch_dag.py                                  102  4.53s             0           0
/home/airflow/.local/lib/python3.8/site-packages/airflow/example_dags/example_setup_teardown.py                                                            0           0
/home/airflow/.local/lib/python3.8/site-packages/airflow/example_dags/example_sensors.py                                                                   0           0
/home/airflow/.local/lib/python3.8/site-packages/airflow/example_dags/example_trigger_controller_dag.py                                                    0           0
/home/airflow/.local/lib/python3.8/site-packages/airflow/example_dags/example_python_decorator.py                                                          0           0
/home/airflow/.local/lib/python3.8/site-packages/airflow/example_dags/tutorial.py                                                                          0           0
/home/airflow/.local/lib/python3.8/site-packages/airflow/example_dags/example_passing_params_via_test_command.py                                           0           0
/home/airflow/.local/lib/python3.8/site-packages/airflow/example_dags/example_task_group_decorator.py                                                      0           0
/home/airflow/.local/lib/python3.8/site-packages/airflow/example_dags/example_trigger_target_dag.py                                                        0           0
/home/airflow/.local/lib/python3.8/site-packages/airflow/example_dags/example_sensor_decorator.py                                                          0           0
/home/airflow/.local/lib/python3.8/site-packages/airflow/example_dags/example_subdag_operator.py                                                           0           0
/home/airflow/.local/lib/python3.8/site-packages/airflow/example_dags/example_skip_dag.py                                                                  0           0
/home/airflow/.local/lib/python3.8/site-packages/airflow/example_dags/example_complex.py                                                                   0           0
/home/airflow/.local/lib/python3.8/site-packages/airflow/example_dags/example_dag_decorator.py                                                             0           0
/home/airflow/.local/lib/python3.8/site-packages/airflow/example_dags/example_latest_only.py                                                               0           0
/home/airflow/.local/lib/python3.8/site-packages/airflow/example_dags/tutorial_dag.py                                                                      0           0
/home/airflow/.local/lib/python3.8/site-packages/airflow/example_dags/example_time_delta_sensor_async.py                                                   0           0
/home/airflow/.local/lib/python3.8/site-packages/airflow/example_dags/example_local_kubernetes_executor.py                                                 0           0
/home/airflow/.local/lib/python3.8/site-packages/airflow/example_dags/example_dynamic_task_mapping.py                                                      0           0
/home/airflow/.local/lib/python3.8/site-packages/airflow/example_dags/example_branch_python_dop_operator_3.py                                              0           0
/home/airflow/.local/lib/python3.8/site-packages/airflow/example_dags/example_branch_datetime_operator.py                                                  0           0
/home/airflow/.local/lib/python3.8/site-packages/airflow/example_dags/example_branch_labels.py                                                             0           0
/home/airflow/.local/lib/python3.8/site-packages/airflow/example_dags/example_branch_operator_decorator.py                                                 0           0
/home/airflow/.local/lib/python3.8/site-packages/airflow/example_dags/example_params_ui_tutorial.py                                                        0           0
/home/airflow/.local/lib/python3.8/site-packages/airflow/example_dags/example_branch_day_of_week_operator.py                                               0           0
/home/airflow/.local/lib/python3.8/site-packages/airflow/example_dags/tutorial_taskflow_api.py                                                             0           0
/home/airflow/.local/lib/python3.8/site-packages/airflow/example_dags/example_kubernetes_executor.py                                                       0           0
/home/airflow/.local/lib/python3.8/site-packages/airflow/example_dags/example_python_operator.py                                                           0           0
/home/airflow/.local/lib/python3.8/site-packages/airflow/example_dags/example_branch_operator.py                                                           0           0
/home/airflow/.local/lib/python3.8/site-packages/airflow/example_dags/example_setup_teardown_taskflow.py                                                   0           0
/home/airflow/.local/lib/python3.8/site-packages/airflow/example_dags/example_xcomargs.py                                                                  0           0
/home/airflow/.local/lib/python3.8/site-packages/airflow/example_dags/example_datasets.py                                                                  0           0
/home/airflow/.local/lib/python3.8/site-packages/airflow/example_dags/example_short_circuit_decorator.py                                                   0           0
/home/airflow/.local/lib/python3.8/site-packages/airflow/example_dags/example_short_circuit_operator.py                                                    0           0
/home/airflow/.local/lib/python3.8/site-packages/airflow/example_dags/tutorial_objectstorage.py                                                            0           0
/home/airflow/.local/lib/python3.8/site-packages/airflow/example_dags/subdags/subdag.py                                                                    0           0
/home/airflow/.local/lib/python3.8/site-packages/airflow/example_dags/plugins/event_listener.py                                                            0           0
/home/airflow/.local/lib/python3.8/site-packages/airflow/example_dags/plugins/listener_plugin.py                                                           0           0
/home/airflow/.local/lib/python3.8/site-packages/airflow/example_dags/plugins/workday.py                                                                   0           0
/home/airflow/.local/lib/python3.8/site-packages/airflow/example_dags/example_latest_only_with_trigger.py                                                  1           0  17.67s          2026-08-13T12:40:38
/home/airflow/.local/lib/python3.8/site-packages/airflow/example_dags/example_task_group.py                                                                1           0  12.21s          2026-08-13T12:40:33
/home/airflow/.local/lib/python3.8/site-packages/airflow/example_dags/example_params_trigger_ui.py                                                         1           0  15.05s          2026-08-13T12:40:53
/home/airflow/.local/lib/python3.8/site-packages/airflow/example_dags/tutorial_taskflow_api_virtualenv.py                                                  1           0  14.61s          2026-08-13T12:40:53
/home/airflow/.local/lib/python3.8/site-packages/airflow/example_dags/example_dynamic_task_mapping_with_no_taskflow_operators.py                           1           0  12.52s          2026-08-13T12:41:05
/home/airflow/.local/lib/python3.8/site-packages/airflow/example_dags/example_xcom.py                                                                      1           0  12.52s          2026-08-13T12:41:06
/home/airflow/.local/lib/python3.8/site-packages/airflow/example_dags/example_sla_dag.py                                                                   1           0  10.46s          2026-08-13T12:41:17
/home/airflow/.local/lib/python3.8/site-packages/airflow/example_dags/example_external_task_marker_dag.py                                                  2           0  11.44s          2026-08-13T12:41:17
================================================================================
[2026-08-13T12:41:53.301+0000] {manager.py:879} INFO - 
================================================================================
DAG File Processing Stats

File Path                                                                                                                           PID  Runtime      # DAGs    # Errors  Last Runtime    Last Run
--------------------------------------------------------------------------------------------------------------------------------  -----  ---------  --------  ----------  --------------  -------------------
/home/airflow/.local/lib/python3.8/site-packages/airflow/example_dags/example_params_ui_tutorial.py                                 131  0.41s             0           0
/home/airflow/.local/lib/python3.8/site-packages/airflow/example_dags/example_branch_day_of_week_operator.py                        132  0.02s             0           0
/home/airflow/.local/lib/python3.8/site-packages/airflow/example_dags/tutorial_taskflow_api.py                                                             0           0
/home/airflow/.local/lib/python3.8/site-packages/airflow/example_dags/example_kubernetes_executor.py                                                       0           0
/home/airflow/.local/lib/python3.8/site-packages/airflow/example_dags/example_python_operator.py                                                           0           0
/home/airflow/.local/lib/python3.8/site-packages/airflow/example_dags/example_branch_operator.py                                                           0           0
/home/airflow/.local/lib/python3.8/site-packages/airflow/example_dags/example_setup_teardown_taskflow.py                                                   0           0
/home/airflow/.local/lib/python3.8/site-packages/airflow/example_dags/example_xcomargs.py                                                                  0           0
/home/airflow/.local/lib/python3.8/site-packages/airflow/example_dags/example_datasets.py                                                                  0           0
/home/airflow/.local/lib/python3.8/site-packages/airflow/example_dags/example_short_circuit_decorator.py                                                   0           0
/home/airflow/.local/lib/python3.8/site-packages/airflow/example_dags/example_short_circuit_operator.py                                                    0           0
/home/airflow/.local/lib/python3.8/site-packages/airflow/example_dags/tutorial_objectstorage.py                                                            0           0
/home/airflow/.local/lib/python3.8/site-packages/airflow/example_dags/subdags/subdag.py                                                                    0           0
/home/airflow/.local/lib/python3.8/site-packages/airflow/example_dags/plugins/event_listener.py                                                            0           0
/home/airflow/.local/lib/python3.8/site-packages/airflow/example_dags/plugins/listener_plugin.py                                                           0           0
/home/airflow/.local/lib/python3.8/site-packages/airflow/example_dags/plugins/workday.py                                                                   0           0
/home/airflow/.local/lib/python3.8/site-packages/airflow/example_dags/example_latest_only_with_trigger.py                                                  1           0  17.67s          2026-08-13T12:40:38
/home/airflow/.local/lib/python3.8/site-packages/airflow/example_dags/example_task_group.py                                                                1           0  12.21s          2026-08-13T12:40:33
/home/airflow/.local/lib/python3.8/site-packages/airflow/example_dags/example_params_trigger_ui.py                                                         1           0  15.05s          2026-08-13T12:40:53
/home/airflow/.local/lib/python3.8/site-packages/airflow/example_dags/tutorial_taskflow_api_virtualenv.py                                                  1           0  14.61s          2026-08-13T12:40:53
/home/airflow/.local/lib/python3.8/site-packages/airflow/example_dags/example_dynamic_task_mapping_with_no_taskflow_operators.py                           1           0  12.52s          2026-08-13T12:41:05
/home/airflow/.local/lib/python3.8/site-packages/airflow/example_dags/example_xcom.py                                                                      1           0  12.52s          2026-08-13T12:41:06
/home/airflow/.local/lib/python3.8/site-packages/airflow/example_dags/example_sla_dag.py                                                                   1           0  10.46s          2026-08-13T12:41:17
/home/airflow/.local/lib/python3.8/site-packages/airflow/example_dags/example_bash_operator.py                                                             1           0  7.36s           2026-08-13T12:41:24
/home/airflow/.local/lib/python3.8/site-packages/airflow/example_dags/example_nested_branch_dag.py                                                         1           0  5.70s           2026-08-13T12:41:23
/home/airflow/.local/lib/python3.8/site-packages/airflow/example_dags/example_setup_teardown.py                                                            1           0  4.01s           2026-08-13T12:41:27
/home/airflow/.local/lib/python3.8/site-packages/airflow/example_dags/example_sensors.py                                                                   1           0  3.50s           2026-08-13T12:41:30
/home/airflow/.local/lib/python3.8/site-packages/airflow/example_dags/example_trigger_controller_dag.py                                                    1           0  2.68s           2026-08-13T12:41:30
/home/airflow/.local/lib/python3.8/site-packages/airflow/example_dags/example_python_decorator.py                                                          1           0  4.38s           2026-08-13T12:41:34
/home/airflow/.local/lib/python3.8/site-packages/airflow/example_dags/tutorial.py                                                                          1           0  3.79s           2026-08-13T12:41:34
/home/airflow/.local/lib/python3.8/site-packages/airflow/example_dags/example_passing_params_via_test_command.py                                           1           0  4.59s           2026-08-13T12:41:39
/home/airflow/.local/lib/python3.8/site-packages/airflow/example_dags/example_task_group_decorator.py                                                      1           0  4.60s           2026-08-13T12:41:39
/home/airflow/.local/lib/python3.8/site-packages/airflow/example_dags/example_trigger_target_dag.py                                                        1           0  2.76s           2026-08-13T12:41:42
/home/airflow/.local/lib/python3.8/site-packages/airflow/example_dags/example_sensor_decorator.py                                                          1           0  2.82s           2026-08-13T12:41:42
/home/airflow/.local/lib/python3.8/site-packages/airflow/example_dags/example_skip_dag.py                                                                  1           0  2.01s           2026-08-13T12:41:44
/home/airflow/.local/lib/python3.8/site-packages/airflow/example_dags/example_complex.py                                                                   1           0  1.33s           2026-08-13T12:41:45
/home/airflow/.local/lib/python3.8/site-packages/airflow/example_dags/example_dag_decorator.py                                                             1           0  3.76s           2026-08-13T12:41:48
/home/airflow/.local/lib/python3.8/site-packages/airflow/example_dags/example_latest_only.py                                                               1           0  1.40s           2026-08-13T12:41:47
/home/airflow/.local/lib/python3.8/site-packages/airflow/example_dags/tutorial_dag.py                                                                      1           0  1.02s           2026-08-13T12:41:48
/home/airflow/.local/lib/python3.8/site-packages/airflow/example_dags/example_time_delta_sensor_async.py                                                   1           0  1.02s           2026-08-13T12:41:49
/home/airflow/.local/lib/python3.8/site-packages/airflow/example_dags/example_local_kubernetes_executor.py                                                 1           0  2.78s           2026-08-13T12:41:51
/home/airflow/.local/lib/python3.8/site-packages/airflow/example_dags/example_dynamic_task_mapping.py                                                      1           0  2.10s           2026-08-13T12:41:51
/home/airflow/.local/lib/python3.8/site-packages/airflow/example_dags/example_branch_python_dop_operator_3.py                                              1           0  0.72s           2026-08-13T12:41:51
/home/airflow/.local/lib/python3.8/site-packages/airflow/example_dags/example_branch_labels.py                                                             1           0  0.82s           2026-08-13T12:41:52
/home/airflow/.local/lib/python3.8/site-packages/airflow/example_dags/example_branch_operator_decorator.py                                                 1           0  1.04s           2026-08-13T12:41:53
/home/airflow/.local/lib/python3.8/site-packages/airflow/example_dags/example_external_task_marker_dag.py                                                  2           0  11.44s          2026-08-13T12:41:17
/home/airflow/.local/lib/python3.8/site-packages/airflow/example_dags/example_subdag_operator.py                                                           3           0  2.09s           2026-08-13T12:41:44
/home/airflow/.local/lib/python3.8/site-packages/airflow/example_dags/example_branch_datetime_operator.py                                                  3           0  0.76s           2026-08-13T12:41:52
================================================================================
[2026-08-13T12:42:23.513+0000] {manager.py:879} INFO - 
================================================================================
DAG File Processing Stats

File Path                                                                                                                           PID  Runtime      # DAGs    # Errors  Last Runtime    Last Run
--------------------------------------------------------------------------------------------------------------------------------  -----  ---------  --------  ----------  --------------  -------------------
/home/airflow/.local/lib/python3.8/site-packages/airflow/example_dags/subdags/subdag.py                                                                    0           0  0.21s           2026-08-13T12:41:59
/home/airflow/.local/lib/python3.8/site-packages/airflow/example_dags/plugins/event_listener.py                                                            0           0  0.20s           2026-08-13T12:41:59
/home/airflow/.local/lib/python3.8/site-packages/airflow/example_dags/plugins/listener_plugin.py                                                           0           0  0.21s           2026-08-13T12:41:59
/home/airflow/.local/lib/python3.8/site-packages/airflow/example_dags/plugins/workday.py                                                                   0           0  21.47s          2026-08-13T12:42:21
/home/airflow/.local/lib/python3.8/site-packages/airflow/example_dags/example_latest_only_with_trigger.py                                                  1           0  0.43s           2026-08-13T12:42:00
/home/airflow/.local/lib/python3.8/site-packages/airflow/example_dags/example_task_group.py                                                                1           0  0.56s           2026-08-13T12:42:00
/home/airflow/.local/lib/python3.8/site-packages/airflow/example_dags/example_params_trigger_ui.py                                                         1           0  0.48s           2026-08-13T12:42:01
/home/airflow/.local/lib/python3.8/site-packages/airflow/example_dags/tutorial_taskflow_api_virtualenv.py                                                  1           0  0.37s           2026-08-13T12:42:01
/home/airflow/.local/lib/python3.8/site-packages/airflow/example_dags/example_dynamic_task_mapping_with_no_taskflow_operators.py                           1           0  0.49s           2026-08-13T12:42:02
/home/airflow/.local/lib/python3.8/site-packages/airflow/example_dags/example_xcom.py                                                                      1           0  0.33s           2026-08-13T12:42:02
/home/airflow/.local/lib/python3.8/site-packages/airflow/example_dags/example_sla_dag.py                                                                   1           0  0.51s           2026-08-13T12:42:03
/home/airflow/.local/lib/python3.8/site-packages/airflow/example_dags/example_bash_operator.py                                                             1           0  0.64s           2026-08-13T12:42:03
/home/airflow/.local/lib/python3.8/site-packages/airflow/example_dags/example_nested_branch_dag.py                                                         1           0  0.93s           2026-08-13T12:42:04
/home/airflow/.local/lib/python3.8/site-packages/airflow/example_dags/example_setup_teardown.py                                                            1           0  0.70s           2026-08-13T12:42:05
/home/airflow/.local/lib/python3.8/site-packages/airflow/example_dags/example_sensors.py                                                                   1           0  1.16s           2026-08-13T12:42:06
/home/airflow/.local/lib/python3.8/site-packages/airflow/example_dags/example_trigger_controller_dag.py                                                    1           0  0.54s           2026-08-13T12:42:07
/home/airflow/.local/lib/python3.8/site-packages/airflow/example_dags/example_python_decorator.py                                                          1           0  0.49s           2026-08-13T12:42:07
/home/airflow/.local/lib/python3.8/site-packages/airflow/example_dags/tutorial.py                                                                          1           0  0.45s           2026-08-13T12:42:08
/home/airflow/.local/lib/python3.8/site-packages/airflow/example_dags/example_passing_params_via_test_command.py                                           1           0  1.29s           2026-08-13T12:42:10
/home/airflow/.local/lib/python3.8/site-packages/airflow/example_dags/example_task_group_decorator.py                                                      1           0  0.79s           2026-08-13T12:42:11
/home/airflow/.local/lib/python3.8/site-packages/airflow/example_dags/example_trigger_target_dag.py                                                        1           0  2.86s           2026-08-13T12:42:15
/home/airflow/.local/lib/python3.8/site-packages/airflow/example_dags/example_sensor_decorator.py                                                          1           0  2.18s           2026-08-13T12:42:17
/home/airflow/.local/lib/python3.8/site-packages/airflow/example_dags/example_skip_dag.py                                                                  1           0  0.57s           2026-08-13T12:42:20
/home/airflow/.local/lib/python3.8/site-packages/airflow/example_dags/example_complex.py                                                                   1           0  0.76s           2026-08-13T12:42:21
/home/airflow/.local/lib/python3.8/site-packages/airflow/example_dags/example_dag_decorator.py                                      177  2.20s             1           0  3.76s           2026-08-13T12:41:48
/home/airflow/.local/lib/python3.8/site-packages/airflow/example_dags/example_latest_only.py                                                               1           0  1.00s           2026-08-13T12:42:22
/home/airflow/.local/lib/python3.8/site-packages/airflow/example_dags/tutorial_dag.py                                               179  0.97s             1           0  1.02s           2026-08-13T12:41:48
/home/airflow/.local/lib/python3.8/site-packages/airflow/example_dags/example_time_delta_sensor_async.py                                                   1           0  1.02s           2026-08-13T12:41:49
/home/airflow/.local/lib/python3.8/site-packages/airflow/example_dags/example_local_kubernetes_executor.py                                                 1           0  2.78s           2026-08-13T12:41:51
/home/airflow/.local/lib/python3.8/site-packages/airflow/example_dags/example_dynamic_task_mapping.py                                                      1           0  2.10s           2026-08-13T12:41:51
/home/airflow/.local/lib/python3.8/site-packages/airflow/example_dags/example_branch_python_dop_operator_3.py                                              1           0  0.72s           2026-08-13T12:41:51
/home/airflow/.local/lib/python3.8/site-packages/airflow/example_dags/example_branch_labels.py                                                             1           0  0.82s           2026-08-13T12:41:52
/home/airflow/.local/lib/python3.8/site-packages/airflow/example_dags/example_branch_operator_decorator.py                                                 1           0  1.04s           2026-08-13T12:41:53
/home/airflow/.local/lib/python3.8/site-packages/airflow/example_dags/example_params_ui_tutorial.py                                                        1           0  1.22s           2026-08-13T12:41:54
/home/airflow/.local/lib/python3.8/site-packages/airflow/example_dags/example_branch_day_of_week_operator.py                                               1           0  0.79s           2026-08-13T12:41:53
/home/airflow/.local/lib/python3.8/site-packages/airflow/example_dags/tutorial_taskflow_api.py                                                             1           0  1.05s           2026-08-13T12:41:55
/home/airflow/.local/lib/python3.8/site-packages/airflow/example_dags/example_kubernetes_executor.py                                                       1           0  1.03s           2026-08-13T12:41:55
/home/airflow/.local/lib/python3.8/site-packages/airflow/example_dags/example_python_operator.py                                                           1           0  0.83s           2026-08-13T12:41:55
/home/airflow/.local/lib/python3.8/site-packages/airflow/example_dags/example_branch_operator.py                                                           1           0  1.06s           2026-08-13T12:41:56
/home/airflow/.local/lib/python3.8/site-packages/airflow/example_dags/example_setup_teardown_taskflow.py                                                   1           0  0.69s           2026-08-13T12:41:56
/home/airflow/.local/lib/python3.8/site-packages/airflow/example_dags/example_short_circuit_decorator.py                                                   1           0  0.75s           2026-08-13T12:41:57
/home/airflow/.local/lib/python3.8/site-packages/airflow/example_dags/example_short_circuit_operator.py                                                    1           0  1.12s           2026-08-13T12:41:58
/home/airflow/.local/lib/python3.8/site-packages/airflow/example_dags/tutorial_objectstorage.py                                                            1           0  0.82s           2026-08-13T12:41:59
/home/airflow/.local/lib/python3.8/site-packages/airflow/example_dags/example_external_task_marker_dag.py                                                  2           0  0.32s           2026-08-13T12:42:02
/home/airflow/.local/lib/python3.8/site-packages/airflow/example_dags/example_xcomargs.py                                                                  2           0  0.57s           2026-08-13T12:41:57
/home/airflow/.local/lib/python3.8/site-packages/airflow/example_dags/example_subdag_operator.py                                                           3           0  1.96s           2026-08-13T12:42:19
/home/airflow/.local/lib/python3.8/site-packages/airflow/example_dags/example_branch_datetime_operator.py                                                  3           0  0.76s           2026-08-13T12:41:52
/home/airflow/.local/lib/python3.8/site-packages/airflow/example_dags/example_datasets.py                                                                  6           0  1.20s           2026-08-13T12:41:57
================================================================================
[2026-08-13T12:45:08.701+0000] {manager.py:469} INFO - Processing files using up to 2 processes at a time 
[2026-08-13T12:45:08.705+0000] {manager.py:470} INFO - Process each file at most once every 30 seconds
[2026-08-13T12:45:08.708+0000] {manager.py:471} INFO - Checking for new files in /opt/airflow/dags every 300 seconds
[2026-08-13T12:45:08.712+0000] {manager.py:738} INFO - Searching for files in /opt/airflow/dags
[2026-08-13T12:45:09.223+0000] {manager.py:741} INFO - There are 48 files in /opt/airflow/dags
[2026-08-13T12:45:10.514+0000] {manager.py:879} INFO - 
================================================================================
DAG File Processing Stats

File Path                                                                                                                           PID  Runtime      # DAGs    # Errors  Last Runtime    Last Run
--------------------------------------------------------------------------------------------------------------------------------  -----  ---------  --------  ----------  --------------  ----------
/home/airflow/.local/lib/python3.8/site-packages/airflow/example_dags/example_latest_only_with_trigger.py                            74  0.48s             0           0
/home/airflow/.local/lib/python3.8/site-packages/airflow/example_dags/example_task_group.py                                          75  0.24s             0           0
/home/airflow/.local/lib/python3.8/site-packages/airflow/example_dags/example_params_trigger_ui.py                                                         0           0
/home/airflow/.local/lib/python3.8/site-packages/airflow/example_dags/tutorial_taskflow_api_virtualenv.py                                                  0           0
/home/airflow/.local/lib/python3.8/site-packages/airflow/example_dags/example_dynamic_task_mapping_with_no_taskflow_operators.py                           0           0
/home/airflow/.local/lib/python3.8/site-packages/airflow/example_dags/example_xcom.py                                                                      0           0
/home/airflow/.local/lib/python3.8/site-packages/airflow/example_dags/example_external_task_marker_dag.py                                                  0           0
/home/airflow/.local/lib/python3.8/site-packages/airflow/example_dags/example_sla_dag.py                                                                   0           0
/home/airflow/.local/lib/python3.8/site-packages/airflow/example_dags/example_bash_operator.py                                                             0           0
/home/airflow/.local/lib/python3.8/site-packages/airflow/example_dags/example_nested_branch_dag.py                                                         0           0
/home/airflow/.local/lib/python3.8/site-packages/airflow/example_dags/example_setup_teardown.py                                                            0           0
/home/airflow/.local/lib/python3.8/site-packages/airflow/example_dags/example_sensors.py                                                                   0           0
/home/airflow/.local/lib/python3.8/site-packages/airflow/example_dags/example_trigger_controller_dag.py                                                    0           0
/home/airflow/.local/lib/python3.8/site-packages/airflow/example_dags/example_python_decorator.py                                                          0           0
/home/airflow/.local/lib/python3.8/site-packages/airflow/example_dags/tutorial.py                                                                          0           0
/home/airflow/.local/lib/python3.8/site-packages/airflow/example_dags/example_passing_params_via_test_command.py                                           0           0
/home/airflow/.local/lib/python3.8/site-packages/airflow/example_dags/example_task_group_decorator.py                                                      0           0
/home/airflow/.local/lib/python3.8/site-packages/airflow/example_dags/example_trigger_target_dag.py                                                        0           0
/home/airflow/.local/lib/python3.8/site-packages/airflow/example_dags/example_sensor_decorator.py                                                          0           0
/home/airflow/.local/lib/python3.8/site-packages/airflow/example_dags/example_subdag_operator.py                                                           0           0
/home/airflow/.local/lib/python3.8/site-packages/airflow/example_dags/example_skip_dag.py                                                                  0           0
/home/airflow/.local/lib/python3.8/site-packages/airflow/example_dags/example_complex.py                                                                   0           0
/home/airflow/.local/lib/python3.8/site-packages/airflow/example_dags/example_dag_decorator.py                                                             0           0
/home/airflow/.local/lib/python3.8/site-packages/airflow/example_dags/example_latest_only.py                                                               0           0
/home/airflow/.local/lib/python3.8/site-packages/airflow/example_dags/tutorial_dag.py                                                                      0           0
/home/airflow/.local/lib/python3.8/site-packages/airflow/example_dags/example_time_delta_sensor_async.py                                                   0           0
/home/airflow/.local/lib/python3.8/site-packages/airflow/example_dags/example_local_kubernetes_executor.py                                                 0           0
/home/airflow/.local/lib/python3.8/site-packages/airflow/example_dags/example_dynamic_task_mapping.py                                                      0           0
/home/airflow/.local/lib/python3.8/site-packages/airflow/example_dags/example_branch_python_dop_operator_3.py                                              0           0
/home/airflow/.local/lib/python3.8/site-packages/airflow/example_dags/example_branch_datetime_operator.py                                                  0           0
/home/airflow/.local/lib/python3.8/site-packages/airflow/example_dags/example_branch_labels.py                                                             0           0
/home/airflow/.local/lib/python3.8/site-packages/airflow/example_dags/example_branch_operator_decorator.py                                                 0           0
/home/airflow/.local/lib/python3.8/site-packages/airflow/example_dags/example_params_ui_tutorial.py                                                        0           0
/home/airflow/.local/lib/python3.8/site-packages/airflow/example_dags/example_branch_day_of_week_operator.py                                               0           0
/home/airflow/.local/lib/python3.8/site-packages/airflow/example_dags/tutorial_taskflow_api.py                                                             0           0
/home/airflow/.local/lib/python3.8/site-packages/airflow/example_dags/example_kubernetes_executor.py                                                       0           0
/home/airflow/.local/lib/python3.8/site-packages/airflow/example_dags/example_python_operator.py                                                           0           0
/home/airflow/.local/lib/python3.8/site-packages/airflow/example_dags/example_branch_operator.py                                                           0           0
/home/airflow/.local/lib/python3.8/site-packages/airflow/example_dags/example_setup_teardown_taskflow.py                                                   0           0
/home/airflow/.local/lib/python3.8/site-packages/airflow/example_dags/example_xcomargs.py                                                                  0           0
/home/airflow/.local/lib/python3.8/site-packages/airflow/example_dags/example_datasets.py                                                                  0           0
/home/airflow/.local/lib/python3.8/site-packages/airflow/example_dags/example_short_circuit_decorator.py                                                   0           0
/home/airflow/.local/lib/python3.8/site-packages/airflow/example_dags/example_short_circuit_operator.py                                                    0           0
/home/airflow/.local/lib/python3.8/site-packages/airflow/example_dags/tutorial_objectstorage.py                                                            0           0
/home/airflow/.local/lib/python3.8/site-packages/airflow/example_dags/subdags/subdag.py                                                                    0           0
/home/airflow/.local/lib/python3.8/site-packages/airflow/example_dags/plugins/event_listener.py                                                            0           0
/home/airflow/.local/lib/python3.8/site-packages/airflow/example_dags/plugins/listener_plugin.py                                                           0           0
/home/airflow/.local/lib/python3.8/site-packages/airflow/example_dags/plugins/workday.py                                                                   0           0
================================================================================
[2026-08-13T12:45:40.524+0000] {manager.py:879} INFO - 
================================================================================
DAG File Processing Stats

File Path                                                                                                                           PID  Runtime      # DAGs    # Errors  Last Runtime    Last Run
--------------------------------------------------------------------------------------------------------------------------------  -----  ---------  --------  ----------  --------------  -------------------
/home/airflow/.local/lib/python3.8/site-packages/airflow/example_dags/example_task_group_decorator.py                                97  1.32s             0           0
/home/airflow/.local/lib/python3.8/site-packages/airflow/example_dags/example_trigger_target_dag.py                                  98  1.01s             0           0
/home/airflow/.local/lib/python3.8/site-packages/airflow/example_dags/example_sensor_decorator.py                                                          0           0
/home/airflow/.local/lib/python3.8/site-packages/airflow/example_dags/example_subdag_operator.py                                                           0           0
/home/airflow/.local/lib/python3.8/site-packages/airflow/example_dags/example_skip_dag.py                                                                  0           0
/home/airflow/.local/lib/python3.8/site-packages/airflow/example_dags/example_complex.py                                                                   0           0
/home/airflow/.local/lib/python3.8/site-packages/airflow/example_dags/example_dag_decorator.py                                                             0           0
/home/airflow/.local/lib/python3.8/site-packages/airflow/example_dags/example_latest_only.py                                                               0           0
/home/airflow/.local/lib/python3.8/site-packages/airflow/example_dags/tutorial_dag.py                                                                      0           0
/home/airflow/.local/lib/python3.8/site-packages/airflow/example_dags/example_time_delta_sensor_async.py                                                   0           0
/home/airflow/.local/lib/python3.8/site-packages/airflow/example_dags/example_local_kubernetes_executor.py                                                 0           0
/home/airflow/.local/lib/python3.8/site-packages/airflow/example_dags/example_dynamic_task_mapping.py                                                      0           0
/home/airflow/.local/lib/python3.8/site-packages/airflow/example_dags/example_branch_python_dop_operator_3.py                                              0           0
/home/airflow/.local/lib/python3.8/site-packages/airflow/example_dags/example_branch_datetime_operator.py                                                  0           0
/home/airflow/.local/lib/python3.8/site-packages/airflow/example_dags/example_branch_labels.py                                                             0           0
/home/airflow/.local/lib/python3.8/site-packages/airflow/example_dags/example_branch_operator_decorator.py                                                 0           0
/home/airflow/.local/lib/python3.8/site-packages/airflow/example_dags/example_params_ui_tutorial.py                                                        0           0
/home/airflow/.local/lib/python3.8/site-packages/airflow/example_dags/example_branch_day_of_week_operator.py                                               0           0
/home/airflow/.local/lib/python3.8/site-packages/airflow/example_dags/tutorial_taskflow_api.py                                                             0           0
/home/airflow/.local/lib/python3.8/site-packages/airflow/example_dags/example_kubernetes_executor.py                                                       0           0
/home/airflow/.local/lib/python3.8/site-packages/airflow/example_dags/example_python_operator.py                                                           0           0
/home/airflow/.local/lib/python3.8/site-packages/airflow/example_dags/example_branch_operator.py                                                           0           0
/home/airflow/.local/lib/python3.8/site-packages/airflow/example_dags/example_setup_teardown_taskflow.py                                                   0           0
/home/airflow/.local/lib/python3.8/site-packages/airflow/example_dags/example_xcomargs.py                                                                  0           0
/home/airflow/.local/lib/python3.8/site-packages/airflow/example_dags/example_datasets.py                                                                  0           0
/home/airflow/.local/lib/python3.8/site-packages/airflow/example_dags/example_short_circuit_decorator.py                                                   0           0
/home/airflow/.local/lib/python3.8/site-packages/airflow/example_dags/example_short_circuit_operator.py                                                    0           0
/home/airflow/.local/lib/python3.8/site-packages/airflow/example_dags/tutorial_objectstorage.py                                                            0           0
/home/airflow/.local/lib/python3.8/site-packages/airflow/example_dags/subdags/subdag.py                                                                    0           0
/home/airflow/.local/lib/python3.8/site-packages/airflow/example_dags/plugins/event_listener.py                                                            0           0
/home/airflow/.local/lib/python3.8/site-packages/airflow/example_dags/plugins/listener_plugin.py                                                           0           0
/home/airflow/.local/lib/python3.8/site-packages/airflow/example_dags/plugins/workday.py                                                                   0           0
/home/airflow/.local/lib/python3.8/site-packages/airflow/example_dags/example_latest_only_with_trigger.py                                                  1           0  5.53s           2026-08-13T12:45:15
/home/airflow/.local/lib/python3.8/site-packages/airflow/example_dags/example_task_group.py                                                                1           0  4.58s           2026-08-13T12:45:14
/home/airflow/.local/lib/python3.8/site-packages/airflow/example_dags/example_params_trigger_ui.py                                                         1           0  2.87s           2026-08-13T12:45:18
/home/airflow/.local/lib/python3.8/site-packages/airflow/example_dags/tutorial_taskflow_api_virtualenv.py                                                  1           0  2.82s           2026-08-13T12:45:18
/home/airflow/.local/lib/python3.8/site-packages/airflow/example_dags/example_dynamic_task_mapping_with_no_taskflow_operators.py                           1           0  3.78s           2026-08-13T12:45:22
/home/airflow/.local/lib/python3.8/site-packages/airflow/example_dags/example_xcom.py                                                                      1           0  3.22s           2026-08-13T12:45:22
/home/airflow/.local/lib/python3.8/site-packages/airflow/example_dags/example_sla_dag.py                                                                   1           0  3.01s           2026-08-13T12:45:25
/home/airflow/.local/lib/python3.8/site-packages/airflow/example_dags/example_bash_operator.py                                                             1           0  4.82s           2026-08-13T12:45:30
/home/airflow/.local/lib/python3.8/site-packages/airflow/example_dags/example_nested_branch_dag.py                                                         1           0  4.68s           2026-08-13T12:45:30
/home/airflow/.local/lib/python3.8/site-packages/airflow/example_dags/example_setup_teardown.py                                                            1           0  1.68s           2026-08-13T12:45:32
/home/airflow/.local/lib/python3.8/site-packages/airflow/example_dags/example_sensors.py                                                                   1           0  3.12s           2026-08-13T12:45:34
/home/airflow/.local/lib/python3.8/site-packages/airflow/example_dags/example_trigger_controller_dag.py                                                    1           0  4.18s           2026-08-13T12:45:36
/home/airflow/.local/lib/python3.8/site-packages/airflow/example_dags/example_python_decorator.py                                                          1           0  3.14s           2026-08-13T12:45:37
/home/airflow/.local/lib/python3.8/site-packages/airflow/example_dags/tutorial.py                                                                          1           0  2.09s           2026-08-13T12:45:39
/home/airflow/.local/lib/python3.8/site-packages/airflow/example_dags/example_passing_params_via_test_command.py                                           1           0  1.80s           2026-08-13T12:45:39
/home/airflow/.local/lib/python3.8/site-packages/airflow/example_dags/example_external_task_marker_dag.py                                                  2           0  3.49s           2026-08-13T12:45:25
================================================================================
[2026-08-13T12:46:11.357+0000] {manager.py:879} INFO - 
================================================================================
DAG File Processing Stats

File Path                                                                                                                           PID  Runtime      # DAGs    # Errors  Last Runtime    Last Run
--------------------------------------------------------------------------------------------------------------------------------  -----  ---------  --------  ----------  --------------  -------------------
/home/airflow/.local/lib/python3.8/site-packages/airflow/example_dags/subdags/subdag.py                                                                    0           0  0.87s           2026-08-13T12:45:53
/home/airflow/.local/lib/python3.8/site-packages/airflow/example_dags/plugins/event_listener.py                                                            0           0  0.64s           2026-08-13T12:45:53
/home/airflow/.local/lib/python3.8/site-packages/airflow/example_dags/plugins/listener_plugin.py                                                           0           0  0.48s           2026-08-13T12:45:54
/home/airflow/.local/lib/python3.8/site-packages/airflow/example_dags/plugins/workday.py                                            128  17.29s            0           0
/home/airflow/.local/lib/python3.8/site-packages/airflow/example_dags/example_latest_only_with_trigger.py                                                  1           0  0.48s           2026-08-13T12:45:54
/home/airflow/.local/lib/python3.8/site-packages/airflow/example_dags/example_task_group.py                                                                1           0  0.44s           2026-08-13T12:45:55
/home/airflow/.local/lib/python3.8/site-packages/airflow/example_dags/example_params_trigger_ui.py                                                         1           0  0.56s           2026-08-13T12:45:55
/home/airflow/.local/lib/python3.8/site-packages/airflow/example_dags/tutorial_taskflow_api_virtualenv.py                                                  1           0  0.42s           2026-08-13T12:45:56
/home/airflow/.local/lib/python3.8/site-packages/airflow/example_dags/example_dynamic_task_mapping_with_no_taskflow_operators.py                           1           0  1.13s           2026-08-13T12:45:57
/home/airflow/.local/lib/python3.8/site-packages/airflow/example_dags/example_xcom.py                                                                      1           0  1.31s           2026-08-13T12:45:58
/home/airflow/.local/lib/python3.8/site-packages/airflow/example_dags/example_sla_dag.py                                                                   1           0  2.36s           2026-08-13T12:46:03
/home/airflow/.local/lib/python3.8/site-packages/airflow/example_dags/example_bash_operator.py                                                             1           0  0.77s           2026-08-13T12:46:04
/home/airflow/.local/lib/python3.8/site-packages/airflow/example_dags/example_nested_branch_dag.py                                                         1           0  1.66s           2026-08-13T12:46:06
/home/airflow/.local/lib/python3.8/site-packages/airflow/example_dags/example_setup_teardown.py                                                            1           0  1.47s           2026-08-13T12:46:08
/home/airflow/.local/lib/python3.8/site-packages/airflow/example_dags/example_sensors.py                                                                   1           0  1.33s           2026-08-13T12:46:09
/home/airflow/.local/lib/python3.8/site-packages/airflow/example_dags/example_trigger_controller_dag.py                                                    1           0  0.84s           2026-08-13T12:46:10
/home/airflow/.local/lib/python3.8/site-packages/airflow/example_dags/example_python_decorator.py                                   149  0.83s             1           0  3.14s           2026-08-13T12:45:37
/home/airflow/.local/lib/python3.8/site-packages/airflow/example_dags/tutorial.py                                                                          1           0  2.09s           2026-08-13T12:45:39
/home/airflow/.local/lib/python3.8/site-packages/airflow/example_dags/example_passing_params_via_test_command.py                                           1           0  1.80s           2026-08-13T12:45:39
/home/airflow/.local/lib/python3.8/site-packages/airflow/example_dags/example_task_group_decorator.py                                                      1           0  1.92s           2026-08-13T12:45:40
/home/airflow/.local/lib/python3.8/site-packages/airflow/example_dags/example_trigger_target_dag.py                                                        1           0  1.90s           2026-08-13T12:45:41
/home/airflow/.local/lib/python3.8/site-packages/airflow/example_dags/example_sensor_decorator.py                                                          1           0  0.86s           2026-08-13T12:45:41
/home/airflow/.local/lib/python3.8/site-packages/airflow/example_dags/example_skip_dag.py                                                                  1           0  1.46s           2026-08-13T12:45:43
/home/airflow/.local/lib/python3.8/site-packages/airflow/example_dags/example_complex.py                                                                   1           0  0.97s           2026-08-13T12:45:43
/home/airflow/.local/lib/python3.8/site-packages/airflow/example_dags/example_dag_decorator.py                                                             1           0  1.88s           2026-08-13T12:45:45
/home/airflow/.local/lib/python3.8/site-packages/airflow/example_dags/example_latest_only.py                                                               1           0  0.60s           2026-08-13T12:45:44
/home/airflow/.local/lib/python3.8/site-packages/airflow/example_dags/tutorial_dag.py                                                                      1           0  0.67s           2026-08-13T12:45:44
/home/airflow/.local/lib/python3.8/site-packages/airflow/example_dags/example_time_delta_sensor_async.py                                                   1           0  0.63s           2026-08-13T12:45:45
/home/airflow/.local/lib/python3.8/site-packages/airflow/example_dags/example_local_kubernetes_executor.py                                                 1           0  0.73s           2026-08-13T12:45:46
/home/airflow/.local/lib/python3.8/site-packages/airflow/example_dags/example_dynamic_task_mapping.py                                                      1           0  0.58s           2026-08-13T12:45:46
/home/airflow/.local/lib/python3.8/site-packages/airflow/example_dags/example_branch_python_dop_operator_3.py                                              1           0  0.61s           2026-08-13T12:45:46
/home/airflow/.local/lib/python3.8/site-packages/airflow/example_dags/example_branch_labels.py                                                             1           0  0.41s           2026-08-13T12:45:47
/home/airflow/.local/lib/python3.8/site-packages/airflow/example_dags/example_branch_operator_decorator.py                                                 1           0  0.45s           2026-08-13T12:45:47
/home/airflow/.local/lib/python3.8/site-packages/airflow/example_dags/example_params_ui_tutorial.py                                                        1           0  0.55s           2026-08-13T12:45:47
/home/airflow/.local/lib/python3.8/site-packages/airflow/example_dags/example_branch_day_of_week_operator.py                                               1           0  0.58s           2026-08-13T12:45:47
/home/airflow/.local/lib/python3.8/site-packages/airflow/example_dags/tutorial_taskflow_api.py                                                             1           0  0.65s           2026-08-13T12:45:48
/home/airflow/.local/lib/python3.8/site-packages/airflow/example_dags/example_kubernetes_executor.py                                                       1           0  0.60s           2026-08-13T12:45:48
/home/airflow/.local/lib/python3.8/site-packages/airflow/example_dags/example_python_operator.py                                                           1           0  0.50s           2026-08-13T12:45:48
/home/airflow/.local/lib/python3.8/site-packages/airflow/example_dags/example_branch_operator.py                                                           1           0  0.57s           2026-08-13T12:45:49
/home/airflow/.local/lib/python3.8/site-packages/airflow/example_dags/example_setup_teardown_taskflow.py                                                   1           0  0.56s           2026-08-13T12:45:49
/home/airflow/.local/lib/python3.8/site-packages/airflow/example_dags/example_short_circuit_decorator.py                                                   1           0  0.78s           2026-08-13T12:45:50
/home/airflow/.local/lib/python3.8/site-packages/airflow/example_dags/example_short_circuit_operator.py                                                    1           0  1.82s           2026-08-13T12:45:52
/home/airflow/.local/lib/python3.8/site-packages/airflow/example_dags/tutorial_objectstorage.py                                                            1           0  2.27s           2026-08-13T12:45:53
/home/airflow/.local/lib/python3.8/site-packages/airflow/example_dags/example_external_task_marker_dag.py                                                  2           0  2.54s           2026-08-13T12:46:01
/home/airflow/.local/lib/python3.8/site-packages/airflow/example_dags/example_xcomargs.py                                                                  2           0  0.62s           2026-08-13T12:45:49
/home/airflow/.local/lib/python3.8/site-packages/airflow/example_dags/example_subdag_operator.py                                                           3           0  1.23s           2026-08-13T12:45:42
/home/airflow/.local/lib/python3.8/site-packages/airflow/example_dags/example_branch_datetime_operator.py                                                  3           0  0.61s           2026-08-13T12:45:46
/home/airflow/.local/lib/python3.8/site-packages/airflow/example_dags/example_datasets.py                                                                  6           0  1.07s           2026-08-13T12:45:50
================================================================================
[2026-08-13T12:46:41.809+0000] {manager.py:879} INFO - 
================================================================================
DAG File Processing Stats

File Path                                                                                                                           PID  Runtime      # DAGs    # Errors  Last Runtime    Last Run
--------------------------------------------------------------------------------------------------------------------------------  -----  ---------  --------  ----------  --------------  -------------------
/home/airflow/.local/lib/python3.8/site-packages/airflow/example_dags/subdags/subdag.py                                                                    0           0  0.10s           2026-08-13T12:46:23
/home/airflow/.local/lib/python3.8/site-packages/airflow/example_dags/plugins/event_listener.py                                                            0           0  0.11s           2026-08-13T12:46:24
/home/airflow/.local/lib/python3.8/site-packages/airflow/example_dags/plugins/listener_plugin.py                                                           0           0  0.10s           2026-08-13T12:46:24
/home/airflow/.local/lib/python3.8/site-packages/airflow/example_dags/plugins/workday.py                                                                   0           0  22.36s          2026-08-13T12:46:16
/home/airflow/.local/lib/python3.8/site-packages/airflow/example_dags/example_latest_only_with_trigger.py                                                  1           0  0.38s           2026-08-13T12:46:25
/home/airflow/.local/lib/python3.8/site-packages/airflow/example_dags/example_task_group.py                                                                1           0  0.33s           2026-08-13T12:46:25
/home/airflow/.local/lib/python3.8/site-packages/airflow/example_dags/example_params_trigger_ui.py                                                         1           0  0.29s           2026-08-13T12:46:27
/home/airflow/.local/lib/python3.8/site-packages/airflow/example_dags/tutorial_taskflow_api_virtualenv.py                                                  1           0  0.21s           2026-08-13T12:46:27
/home/airflow/.local/lib/python3.8/site-packages/airflow/example_dags/example_dynamic_task_mapping_with_no_taskflow_operators.py                           1           0  0.24s           2026-08-13T12:46:28
/home/airflow/.local/lib/python3.8/site-packages/airflow/example_dags/example_xcom.py                                                                      1           0  0.37s           2026-08-13T12:46:29
/home/airflow/.local/lib/python3.8/site-packages/airflow/example_dags/example_sla_dag.py                                                                   1           0  1.61s           2026-08-13T12:46:35
/home/airflow/.local/lib/python3.8/site-packages/airflow/example_dags/example_bash_operator.py                                                             1           0  1.41s           2026-08-13T12:46:36
/home/airflow/.local/lib/python3.8/site-packages/airflow/example_dags/example_nested_branch_dag.py                                                         1           0  0.40s           2026-08-13T12:46:37
/home/airflow/.local/lib/python3.8/site-packages/airflow/example_dags/example_setup_teardown.py                                                            1           0  0.19s           2026-08-13T12:46:38
/home/airflow/.local/lib/python3.8/site-packages/airflow/example_dags/example_sensors.py                                                                   1           0  0.17s           2026-08-13T12:46:39
/home/airflow/.local/lib/python3.8/site-packages/airflow/example_dags/example_trigger_controller_dag.py                                                    1           0  0.17s           2026-08-13T12:46:40
/home/airflow/.local/lib/python3.8/site-packages/airflow/example_dags/example_python_decorator.py                                   202  0.01s             1           0  1.35s           2026-08-13T12:46:11
/home/airflow/.local/lib/python3.8/site-packages/airflow/example_dags/tutorial.py                                                                          1           0  0.57s           2026-08-13T12:46:12
/home/airflow/.local/lib/python3.8/site-packages/airflow/example_dags/example_passing_params_via_test_command.py                                           1           0  0.74s           2026-08-13T12:46:13
/home/airflow/.local/lib/python3.8/site-packages/airflow/example_dags/example_task_group_decorator.py                                                      1           0  0.76s           2026-08-13T12:46:13
/home/airflow/.local/lib/python3.8/site-packages/airflow/example_dags/example_trigger_target_dag.py                                                        1           0  0.65s           2026-08-13T12:46:14
/home/airflow/.local/lib/python3.8/site-packages/airflow/example_dags/example_sensor_decorator.py                                                          1           0  0.51s           2026-08-13T12:46:15
/home/airflow/.local/lib/python3.8/site-packages/airflow/example_dags/example_skip_dag.py                                                                  1           0  0.33s           2026-08-13T12:46:15
/home/airflow/.local/lib/python3.8/site-packages/airflow/example_dags/example_complex.py                                                                   1           0  0.26s           2026-08-13T12:46:16
/home/airflow/.local/lib/python3.8/site-packages/airflow/example_dags/example_dag_decorator.py                                                             1           0  1.12s           2026-08-13T12:46:17
/home/airflow/.local/lib/python3.8/site-packages/airflow/example_dags/example_latest_only.py                                                               1           0  0.25s           2026-08-13T12:46:16
/home/airflow/.local/lib/python3.8/site-packages/airflow/example_dags/tutorial_dag.py                                                                      1           0  0.33s           2026-08-13T12:46:16
/home/airflow/.local/lib/python3.8/site-packages/airflow/example_dags/example_time_delta_sensor_async.py                                                   1           0  0.43s           2026-08-13T12:46:17
/home/airflow/.local/lib/python3.8/site-packages/airflow/example_dags/example_local_kubernetes_executor.py                                                 1           0  0.37s           2026-08-13T12:46:17
/home/airflow/.local/lib/python3.8/site-packages/airflow/example_dags/example_dynamic_task_mapping.py                                                      1           0  0.27s           2026-08-13T12:46:17
/home/airflow/.local/lib/python3.8/site-packages/airflow/example_dags/example_branch_python_dop_operator_3.py                                              1           0  0.33s           2026-08-13T12:46:17
/home/airflow/.local/lib/python3.8/site-packages/airflow/example_dags/example_branch_labels.py                                                             1           0  0.43s           2026-08-13T12:46:18
/home/airflow/.local/lib/python3.8/site-packages/airflow/example_dags/example_branch_operator_decorator.py                                                 1           0  0.57s           2026-08-13T12:46:18
/home/airflow/.local/lib/python3.8/site-packages/airflow/example_dags/example_params_ui_tutorial.py                                                        1           0  0.39s           2026-08-13T12:46:18
/home/airflow/.local/lib/python3.8/site-packages/airflow/example_dags/example_branch_day_of_week_operator.py                                               1           0  0.27s           2026-08-13T12:46:18
/home/airflow/.local/lib/python3.8/site-packages/airflow/example_dags/tutorial_taskflow_api.py                                                             1           0  0.22s           2026-08-13T12:46:19
/home/airflow/.local/lib/python3.8/site-packages/airflow/example_dags/example_kubernetes_executor.py                                                       1           0  0.29s           2026-08-13T12:46:19
/home/airflow/.local/lib/python3.8/site-packages/airflow/example_dags/example_python_operator.py                                                           1           0  0.25s           2026-08-13T12:46:19
/home/airflow/.local/lib/python3.8/site-packages/airflow/example_dags/example_branch_operator.py                                                           1           0  0.31s           2026-08-13T12:46:19
/home/airflow/.local/lib/python3.8/site-packages/airflow/example_dags/example_setup_teardown_taskflow.py                                                   1           0  0.26s           2026-08-13T12:46:19
/home/airflow/.local/lib/python3.8/site-packages/airflow/example_dags/example_short_circuit_decorator.py                                                   1           0  0.33s           2026-08-13T12:46:21
/home/airflow/.local/lib/python3.8/site-packages/airflow/example_dags/example_short_circuit_operator.py                                                    1           0  0.18s           2026-08-13T12:46:23
/home/airflow/.local/lib/python3.8/site-packages/airflow/example_dags/tutorial_objectstorage.py                                                            1           0  0.20s           2026-08-13T12:46:24
/home/airflow/.local/lib/python3.8/site-packages/airflow/example_dags/example_external_task_marker_dag.py                                                  2           0  1.26s           2026-08-13T12:46:32
/home/airflow/.local/lib/python3.8/site-packages/airflow/example_dags/example_xcomargs.py                                                                  2           0  0.27s           2026-08-13T12:46:20
/home/airflow/.local/lib/python3.8/site-packages/airflow/example_dags/example_subdag_operator.py                                                           3           0  0.37s           2026-08-13T12:46:15
/home/airflow/.local/lib/python3.8/site-packages/airflow/example_dags/example_branch_datetime_operator.py                                                  3           0  0.37s           2026-08-13T12:46:18
/home/airflow/.local/lib/python3.8/site-packages/airflow/example_dags/example_datasets.py                                                                  6           0  0.45s           2026-08-13T12:46:21
================================================================================
[2026-08-13T12:47:12.114+0000] {manager.py:879} INFO - 
================================================================================
DAG File Processing Stats

File Path                                                                                                                           PID  Runtime      # DAGs    # Errors  Last Runtime    Last Run
--------------------------------------------------------------------------------------------------------------------------------  -----  ---------  --------  ----------  --------------  -------------------
/home/airflow/.local/lib/python3.8/site-packages/airflow/example_dags/subdags/subdag.py                                                                    0           0  0.15s           2026-08-13T12:46:53
/home/airflow/.local/lib/python3.8/site-packages/airflow/example_dags/plugins/event_listener.py                                                            0           0  0.09s           2026-08-13T12:46:54
/home/airflow/.local/lib/python3.8/site-packages/airflow/example_dags/plugins/listener_plugin.py                                                           0           0  0.09s           2026-08-13T12:46:54
/home/airflow/.local/lib/python3.8/site-packages/airflow/example_dags/plugins/workday.py                                                                   0           0  2.12s           2026-08-13T12:46:48
/home/airflow/.local/lib/python3.8/site-packages/airflow/example_dags/example_latest_only_with_trigger.py                                                  1           0  0.18s           2026-08-13T12:46:56
/home/airflow/.local/lib/python3.8/site-packages/airflow/example_dags/example_task_group.py                                                                1           0  0.15s           2026-08-13T12:46:56
/home/airflow/.local/lib/python3.8/site-packages/airflow/example_dags/example_params_trigger_ui.py                                                         1           0  0.29s           2026-08-13T12:46:57
/home/airflow/.local/lib/python3.8/site-packages/airflow/example_dags/tutorial_taskflow_api_virtualenv.py                                                  1           0  0.22s           2026-08-13T12:46:57
/home/airflow/.local/lib/python3.8/site-packages/airflow/example_dags/example_dynamic_task_mapping_with_no_taskflow_operators.py                           1           0  0.17s           2026-08-13T12:46:58
/home/airflow/.local/lib/python3.8/site-packages/airflow/example_dags/example_xcom.py                                                                      1           0  0.17s           2026-08-13T12:46:59
/home/airflow/.local/lib/python3.8/site-packages/airflow/example_dags/example_sla_dag.py                                                                   1           0  0.23s           2026-08-13T12:47:05
/home/airflow/.local/lib/python3.8/site-packages/airflow/example_dags/example_bash_operator.py                                                             1           0  0.23s           2026-08-13T12:47:07
/home/airflow/.local/lib/python3.8/site-packages/airflow/example_dags/example_nested_branch_dag.py                                                         1           0  0.23s           2026-08-13T12:47:08
/home/airflow/.local/lib/python3.8/site-packages/airflow/example_dags/example_setup_teardown.py                                                            1           0  0.36s           2026-08-13T12:47:09
/home/airflow/.local/lib/python3.8/site-packages/airflow/example_dags/example_sensors.py                                                                   1           0  0.72s           2026-08-13T12:47:11
/home/airflow/.local/lib/python3.8/site-packages/airflow/example_dags/example_trigger_controller_dag.py                                                    1           0  0.27s           2026-08-13T12:47:11
/home/airflow/.local/lib/python3.8/site-packages/airflow/example_dags/example_python_decorator.py                                   257  0.03s             1           0  0.18s           2026-08-13T12:46:41
/home/airflow/.local/lib/python3.8/site-packages/airflow/example_dags/tutorial.py                                                                          1           0  0.30s           2026-08-13T12:46:43
/home/airflow/.local/lib/python3.8/site-packages/airflow/example_dags/example_passing_params_via_test_command.py                                           1           0  0.27s           2026-08-13T12:46:43
/home/airflow/.local/lib/python3.8/site-packages/airflow/example_dags/example_task_group_decorator.py                                                      1           0  0.23s           2026-08-13T12:46:44
/home/airflow/.local/lib/python3.8/site-packages/airflow/example_dags/example_trigger_target_dag.py                                                        1           0  0.18s           2026-08-13T12:46:45
/home/airflow/.local/lib/python3.8/site-packages/airflow/example_dags/example_sensor_decorator.py                                                          1           0  0.16s           2026-08-13T12:46:45
/home/airflow/.local/lib/python3.8/site-packages/airflow/example_dags/example_skip_dag.py                                                                  1           0  0.24s           2026-08-13T12:46:46
/home/airflow/.local/lib/python3.8/site-packages/airflow/example_dags/example_complex.py                                                                   1           0  0.18s           2026-08-13T12:46:46
/home/airflow/.local/lib/python3.8/site-packages/airflow/example_dags/example_dag_decorator.py                                                             1           0  0.59s           2026-08-13T12:46:48
/home/airflow/.local/lib/python3.8/site-packages/airflow/example_dags/example_latest_only.py                                                               1           0  0.17s           2026-08-13T12:46:46
/home/airflow/.local/lib/python3.8/site-packages/airflow/example_dags/tutorial_dag.py                                                                      1           0  0.17s           2026-08-13T12:46:48
/home/airflow/.local/lib/python3.8/site-packages/airflow/example_dags/example_time_delta_sensor_async.py                                                   1           0  0.20s           2026-08-13T12:46:48
/home/airflow/.local/lib/python3.8/site-packages/airflow/example_dags/example_local_kubernetes_executor.py                                                 1           0  0.21s           2026-08-13T12:46:48
/home/airflow/.local/lib/python3.8/site-packages/airflow/example_dags/example_dynamic_task_mapping.py                                                      1           0  0.19s           2026-08-13T12:46:49
/home/airflow/.local/lib/python3.8/site-packages/airflow/example_dags/example_branch_python_dop_operator_3.py                                              1           0  0.21s           2026-08-13T12:46:49
/home/airflow/.local/lib/python3.8/site-packages/airflow/example_dags/example_branch_labels.py                                                             1           0  0.26s           2026-08-13T12:46:49
/home/airflow/.local/lib/python3.8/site-packages/airflow/example_dags/example_branch_operator_decorator.py                                                 1           0  0.37s           2026-08-13T12:46:49
/home/airflow/.local/lib/python3.8/site-packages/airflow/example_dags/example_params_ui_tutorial.py                                                        1           0  0.34s           2026-08-13T12:46:49
/home/airflow/.local/lib/python3.8/site-packages/airflow/example_dags/example_branch_day_of_week_operator.py                                               1           0  0.28s           2026-08-13T12:46:50
/home/airflow/.local/lib/python3.8/site-packages/airflow/example_dags/tutorial_taskflow_api.py                                                             1           0  0.24s           2026-08-13T12:46:50
/home/airflow/.local/lib/python3.8/site-packages/airflow/example_dags/example_kubernetes_executor.py                                                       1           0  0.27s           2026-08-13T12:46:50
/home/airflow/.local/lib/python3.8/site-packages/airflow/example_dags/example_python_operator.py                                                           1           0  0.25s           2026-08-13T12:46:50
/home/airflow/.local/lib/python3.8/site-packages/airflow/example_dags/example_branch_operator.py                                                           1           0  0.39s           2026-08-13T12:46:50
/home/airflow/.local/lib/python3.8/site-packages/airflow/example_dags/example_setup_teardown_taskflow.py                                                   1           0  0.37s           2026-08-13T12:46:50
/home/airflow/.local/lib/python3.8/site-packages/airflow/example_dags/example_short_circuit_decorator.py                                                   1           0  0.28s           2026-08-13T12:46:52
/home/airflow/.local/lib/python3.8/site-packages/airflow/example_dags/example_short_circuit_operator.py                                                    1           0  0.32s           2026-08-13T12:46:53
/home/airflow/.local/lib/python3.8/site-packages/airflow/example_dags/tutorial_objectstorage.py                                                            1           0  0.18s           2026-08-13T12:46:54
/home/airflow/.local/lib/python3.8/site-packages/airflow/example_dags/example_external_task_marker_dag.py                                                  2           0  0.17s           2026-08-13T12:47:03
/home/airflow/.local/lib/python3.8/site-packages/airflow/example_dags/example_xcomargs.py                                                                  2           0  0.37s           2026-08-13T12:46:52
/home/airflow/.local/lib/python3.8/site-packages/airflow/example_dags/example_subdag_operator.py                                                           3           0  0.33s           2026-08-13T12:46:46
/home/airflow/.local/lib/python3.8/site-packages/airflow/example_dags/example_branch_datetime_operator.py                                                  3           0  0.25s           2026-08-13T12:46:49
/home/airflow/.local/lib/python3.8/site-packages/airflow/example_dags/example_datasets.py                                                                  6           0  0.47s           2026-08-13T12:46:52
================================================================================
[2026-08-13T12:47:42.952+0000] {manager.py:879} INFO - 
================================================================================
DAG File Processing Stats

File Path                                                                                                                           PID  Runtime      # DAGs    # Errors  Last Runtime    Last Run
--------------------------------------------------------------------------------------------------------------------------------  -----  ---------  --------  ----------  --------------  -------------------
/home/airflow/.local/lib/python3.8/site-packages/airflow/example_dags/subdags/subdag.py                                                                    0           0  0.21s           2026-08-13T12:47:25
/home/airflow/.local/lib/python3.8/site-packages/airflow/example_dags/plugins/event_listener.py                                                            0           0  0.15s           2026-08-13T12:47:25
/home/airflow/.local/lib/python3.8/site-packages/airflow/example_dags/plugins/listener_plugin.py                                                           0           0  0.30s           2026-08-13T12:47:25
/home/airflow/.local/lib/python3.8/site-packages/airflow/example_dags/plugins/workday.py                                                                   0           0  4.56s           2026-08-13T12:47:24
/home/airflow/.local/lib/python3.8/site-packages/airflow/example_dags/example_latest_only_with_trigger.py                                                  1           0  0.61s           2026-08-13T12:47:27
/home/airflow/.local/lib/python3.8/site-packages/airflow/example_dags/example_task_group.py                                                                1           0  0.59s           2026-08-13T12:47:27
/home/airflow/.local/lib/python3.8/site-packages/airflow/example_dags/example_params_trigger_ui.py                                                         1           0  0.95s           2026-08-13T12:47:28
/home/airflow/.local/lib/python3.8/site-packages/airflow/example_dags/tutorial_taskflow_api_virtualenv.py                                                  1           0  0.68s           2026-08-13T12:47:28
/home/airflow/.local/lib/python3.8/site-packages/airflow/example_dags/example_dynamic_task_mapping_with_no_taskflow_operators.py                           1           0  0.52s           2026-08-13T12:47:29
/home/airflow/.local/lib/python3.8/site-packages/airflow/example_dags/example_xcom.py                                                                      1           0  0.23s           2026-08-13T12:47:30
/home/airflow/.local/lib/python3.8/site-packages/airflow/example_dags/example_sla_dag.py                                                                   1           0  0.17s           2026-08-13T12:47:36
/home/airflow/.local/lib/python3.8/site-packages/airflow/example_dags/example_bash_operator.py                                                             1           0  0.31s           2026-08-13T12:47:37
/home/airflow/.local/lib/python3.8/site-packages/airflow/example_dags/example_nested_branch_dag.py                                                         1           0  0.23s           2026-08-13T12:47:38
/home/airflow/.local/lib/python3.8/site-packages/airflow/example_dags/example_setup_teardown.py                                                            1           0  0.20s           2026-08-13T12:47:39
/home/airflow/.local/lib/python3.8/site-packages/airflow/example_dags/example_sensors.py                                                                   1           0  0.23s           2026-08-13T12:47:41
/home/airflow/.local/lib/python3.8/site-packages/airflow/example_dags/example_trigger_controller_dag.py                                                    1           0  0.23s           2026-08-13T12:47:41
/home/airflow/.local/lib/python3.8/site-packages/airflow/example_dags/example_python_decorator.py                                   312  0.01s             1           0  0.47s           2026-08-13T12:47:12
/home/airflow/.local/lib/python3.8/site-packages/airflow/example_dags/tutorial.py                                                                          1           0  1.75s           2026-08-13T12:47:15
/home/airflow/.local/lib/python3.8/site-packages/airflow/example_dags/example_passing_params_via_test_command.py                                           1           0  1.13s           2026-08-13T12:47:15
/home/airflow/.local/lib/python3.8/site-packages/airflow/example_dags/example_task_group_decorator.py                                                      1           0  0.44s           2026-08-13T12:47:15
/home/airflow/.local/lib/python3.8/site-packages/airflow/example_dags/example_trigger_target_dag.py                                                        1           0  0.28s           2026-08-13T12:47:15
/home/airflow/.local/lib/python3.8/site-packages/airflow/example_dags/example_sensor_decorator.py                                                          1           0  0.24s           2026-08-13T12:47:15
/home/airflow/.local/lib/python3.8/site-packages/airflow/example_dags/example_skip_dag.py                                                                  1           0  0.24s           2026-08-13T12:47:16
/home/airflow/.local/lib/python3.8/site-packages/airflow/example_dags/example_complex.py                                                                   1           0  0.33s           2026-08-13T12:47:17
/home/airflow/.local/lib/python3.8/site-packages/airflow/example_dags/example_dag_decorator.py                                                             1           0  0.67s           2026-08-13T12:47:19
/home/airflow/.local/lib/python3.8/site-packages/airflow/example_dags/example_latest_only.py                                                               1           0  0.29s           2026-08-13T12:47:17
/home/airflow/.local/lib/python3.8/site-packages/airflow/example_dags/tutorial_dag.py                                                                      1           0  0.18s           2026-08-13T12:47:19
/home/airflow/.local/lib/python3.8/site-packages/airflow/example_dags/example_time_delta_sensor_async.py                                                   1           0  0.19s           2026-08-13T12:47:19
/home/airflow/.local/lib/python3.8/site-packages/airflow/example_dags/example_local_kubernetes_executor.py                                                 1           0  0.34s           2026-08-13T12:47:19
/home/airflow/.local/lib/python3.8/site-packages/airflow/example_dags/example_dynamic_task_mapping.py                                                      1           0  0.49s           2026-08-13T12:47:20
/home/airflow/.local/lib/python3.8/site-packages/airflow/example_dags/example_branch_python_dop_operator_3.py                                              1           0  0.52s           2026-08-13T12:47:20
/home/airflow/.local/lib/python3.8/site-packages/airflow/example_dags/example_branch_labels.py                                                             1           0  0.46s           2026-08-13T12:47:21
/home/airflow/.local/lib/python3.8/site-packages/airflow/example_dags/example_branch_operator_decorator.py                                                 1           0  0.48s           2026-08-13T12:47:22
/home/airflow/.local/lib/python3.8/site-packages/airflow/example_dags/example_params_ui_tutorial.py                                                        1           0  0.67s           2026-08-13T12:47:22
/home/airflow/.local/lib/python3.8/site-packages/airflow/example_dags/example_branch_day_of_week_operator.py                                               1           0  0.40s           2026-08-13T12:47:23
/home/airflow/.local/lib/python3.8/site-packages/airflow/example_dags/tutorial_taskflow_api.py                                                             1           0  0.33s           2026-08-13T12:47:23
/home/airflow/.local/lib/python3.8/site-packages/airflow/example_dags/example_kubernetes_executor.py                                                       1           0  0.35s           2026-08-13T12:47:23
/home/airflow/.local/lib/python3.8/site-packages/airflow/example_dags/example_python_operator.py                                                           1           0  0.23s           2026-08-13T12:47:24
/home/airflow/.local/lib/python3.8/site-packages/airflow/example_dags/example_branch_operator.py                                                           1           0  0.30s           2026-08-13T12:47:24
/home/airflow/.local/lib/python3.8/site-packages/airflow/example_dags/example_setup_teardown_taskflow.py                                                   1           0  0.27s           2026-08-13T12:47:24
/home/airflow/.local/lib/python3.8/site-packages/airflow/example_dags/example_short_circuit_decorator.py                                                   1           0  0.34s           2026-08-13T12:47:25
/home/airflow/.local/lib/python3.8/site-packages/airflow/example_dags/example_short_circuit_operator.py                                                    1           0  0.26s           2026-08-13T12:47:25
/home/airflow/.local/lib/python3.8/site-packages/airflow/example_dags/tutorial_objectstorage.py                                                            1           0  0.35s           2026-08-13T12:47:25
/home/airflow/.local/lib/python3.8/site-packages/airflow/example_dags/example_external_task_marker_dag.py                                                  2           0  0.23s           2026-08-13T12:47:34
/home/airflow/.local/lib/python3.8/site-packages/airflow/example_dags/example_xcomargs.py                                                                  2           0  0.24s           2026-08-13T12:47:24
/home/airflow/.local/lib/python3.8/site-packages/airflow/example_dags/example_subdag_operator.py                                                           3           0  0.28s           2026-08-13T12:47:17
/home/airflow/.local/lib/python3.8/site-packages/airflow/example_dags/example_branch_datetime_operator.py                                                  3           0  0.40s           2026-08-13T12:47:21
/home/airflow/.local/lib/python3.8/site-packages/airflow/example_dags/example_datasets.py                                                                  6           0  0.34s           2026-08-13T12:47:24
================================================================================
[2026-08-13T12:48:13.458+0000] {manager.py:879} INFO - 
================================================================================
DAG File Processing Stats

File Path                                                                                                                           PID  Runtime      # DAGs    # Errors  Last Runtime    Last Run
--------------------------------------------------------------------------------------------------------------------------------  -----  ---------  --------  ----------  --------------  -------------------
/home/airflow/.local/lib/python3.8/site-packages/airflow/example_dags/subdags/subdag.py                                                                    0           0  0.11s           2026-08-13T12:47:59
/home/airflow/.local/lib/python3.8/site-packages/airflow/example_dags/plugins/event_listener.py                                                            0           0  0.11s           2026-08-13T12:47:59
/home/airflow/.local/lib/python3.8/site-packages/airflow/example_dags/plugins/listener_plugin.py                                                           0           0  0.17s           2026-08-13T12:48:00
/home/airflow/.local/lib/python3.8/site-packages/airflow/example_dags/plugins/workday.py                                                                   0           0  4.74s           2026-08-13T12:47:59
/home/airflow/.local/lib/python3.8/site-packages/airflow/example_dags/example_latest_only_with_trigger.py                                                  1           0  0.27s           2026-08-13T12:48:00
/home/airflow/.local/lib/python3.8/site-packages/airflow/example_dags/example_task_group.py                                                                1           0  0.28s           2026-08-13T12:48:00
/home/airflow/.local/lib/python3.8/site-packages/airflow/example_dags/example_params_trigger_ui.py                                                         1           0  0.37s           2026-08-13T12:48:00
/home/airflow/.local/lib/python3.8/site-packages/airflow/example_dags/tutorial_taskflow_api_virtualenv.py                                                  1           0  0.30s           2026-08-13T12:48:00
/home/airflow/.local/lib/python3.8/site-packages/airflow/example_dags/example_dynamic_task_mapping_with_no_taskflow_operators.py                           1           0  0.31s           2026-08-13T12:48:00
/home/airflow/.local/lib/python3.8/site-packages/airflow/example_dags/example_xcom.py                                                                      1           0  0.28s           2026-08-13T12:48:01
/home/airflow/.local/lib/python3.8/site-packages/airflow/example_dags/example_sla_dag.py                                                                   1           0  0.18s           2026-08-13T12:48:07
/home/airflow/.local/lib/python3.8/site-packages/airflow/example_dags/example_bash_operator.py                                                             1           0  0.27s           2026-08-13T12:48:08
/home/airflow/.local/lib/python3.8/site-packages/airflow/example_dags/example_nested_branch_dag.py                                                         1           0  0.26s           2026-08-13T12:48:09
/home/airflow/.local/lib/python3.8/site-packages/airflow/example_dags/example_setup_teardown.py                                                            1           0  0.21s           2026-08-13T12:48:10
/home/airflow/.local/lib/python3.8/site-packages/airflow/example_dags/example_sensors.py                                                                   1           0  0.25s           2026-08-13T12:48:12
/home/airflow/.local/lib/python3.8/site-packages/airflow/example_dags/example_trigger_controller_dag.py                                                    1           0  0.23s           2026-08-13T12:48:12
/home/airflow/.local/lib/python3.8/site-packages/airflow/example_dags/example_python_decorator.py                                   367  0.01s             1           0  0.16s           2026-08-13T12:47:43
/home/airflow/.local/lib/python3.8/site-packages/airflow/example_dags/tutorial.py                                                                          1           0  0.17s           2026-08-13T12:47:45
/home/airflow/.local/lib/python3.8/site-packages/airflow/example_dags/example_passing_params_via_test_command.py                                           1           0  0.19s           2026-08-13T12:47:45
/home/airflow/.local/lib/python3.8/site-packages/airflow/example_dags/example_task_group_decorator.py                                                      1           0  0.35s           2026-08-13T12:47:46
/home/airflow/.local/lib/python3.8/site-packages/airflow/example_dags/example_trigger_target_dag.py                                                        1           0  0.24s           2026-08-13T12:47:46
/home/airflow/.local/lib/python3.8/site-packages/airflow/example_dags/example_sensor_decorator.py                                                          1           0  0.40s           2026-08-13T12:47:46
/home/airflow/.local/lib/python3.8/site-packages/airflow/example_dags/example_skip_dag.py                                                                  1           0  0.37s           2026-08-13T12:47:47
/home/airflow/.local/lib/python3.8/site-packages/airflow/example_dags/example_complex.py                                                                   1           0  0.45s           2026-08-13T12:47:48
/home/airflow/.local/lib/python3.8/site-packages/airflow/example_dags/example_dag_decorator.py                                                             1           0  2.27s           2026-08-13T12:47:51
/home/airflow/.local/lib/python3.8/site-packages/airflow/example_dags/example_latest_only.py                                                               1           0  0.41s           2026-08-13T12:47:48
/home/airflow/.local/lib/python3.8/site-packages/airflow/example_dags/tutorial_dag.py                                                                      1           0  0.97s           2026-08-13T12:47:50
/home/airflow/.local/lib/python3.8/site-packages/airflow/example_dags/example_time_delta_sensor_async.py                                                   1           0  0.56s           2026-08-13T12:47:51
/home/airflow/.local/lib/python3.8/site-packages/airflow/example_dags/example_local_kubernetes_executor.py                                                 1           0  1.19s           2026-08-13T12:47:52
/home/airflow/.local/lib/python3.8/site-packages/airflow/example_dags/example_dynamic_task_mapping.py                                                      1           0  1.10s           2026-08-13T12:47:52
/home/airflow/.local/lib/python3.8/site-packages/airflow/example_dags/example_branch_python_dop_operator_3.py                                              1           0  0.74s           2026-08-13T12:47:53
/home/airflow/.local/lib/python3.8/site-packages/airflow/example_dags/example_branch_labels.py                                                             1           0  0.41s           2026-08-13T12:47:53
/home/airflow/.local/lib/python3.8/site-packages/airflow/example_dags/example_branch_operator_decorator.py                                                 1           0  0.36s           2026-08-13T12:47:54
/home/airflow/.local/lib/python3.8/site-packages/airflow/example_dags/example_params_ui_tutorial.py                                                        1           0  0.39s           2026-08-13T12:47:54
/home/airflow/.local/lib/python3.8/site-packages/airflow/example_dags/example_branch_day_of_week_operator.py                                               1           0  0.33s           2026-08-13T12:47:54
/home/airflow/.local/lib/python3.8/site-packages/airflow/example_dags/tutorial_taskflow_api.py                                                             1           0  0.34s           2026-08-13T12:47:54
/home/airflow/.local/lib/python3.8/site-packages/airflow/example_dags/example_kubernetes_executor.py                                                       1           0  0.52s           2026-08-13T12:47:55
/home/airflow/.local/lib/python3.8/site-packages/airflow/example_dags/example_python_operator.py                                                           1           0  0.39s           2026-08-13T12:47:55
/home/airflow/.local/lib/python3.8/site-packages/airflow/example_dags/example_branch_operator.py                                                           1           0  0.45s           2026-08-13T12:47:56
/home/airflow/.local/lib/python3.8/site-packages/airflow/example_dags/example_setup_teardown_taskflow.py                                                   1           0  0.43s           2026-08-13T12:47:56
/home/airflow/.local/lib/python3.8/site-packages/airflow/example_dags/example_short_circuit_decorator.py                                                   1           0  0.30s           2026-08-13T12:47:59
/home/airflow/.local/lib/python3.8/site-packages/airflow/example_dags/example_short_circuit_operator.py                                                    1           0  0.22s           2026-08-13T12:47:59
/home/airflow/.local/lib/python3.8/site-packages/airflow/example_dags/tutorial_objectstorage.py                                                            1           0  0.20s           2026-08-13T12:47:59
/home/airflow/.local/lib/python3.8/site-packages/airflow/example_dags/example_external_task_marker_dag.py                                                  2           0  0.20s           2026-08-13T12:48:05
/home/airflow/.local/lib/python3.8/site-packages/airflow/example_dags/example_xcomargs.py                                                                  2           0  0.55s           2026-08-13T12:47:57
/home/airflow/.local/lib/python3.8/site-packages/airflow/example_dags/example_subdag_operator.py                                                           3           0  0.42s           2026-08-13T12:47:47
/home/airflow/.local/lib/python3.8/site-packages/airflow/example_dags/example_branch_datetime_operator.py                                                  3           0  0.63s           2026-08-13T12:47:53
/home/airflow/.local/lib/python3.8/site-packages/airflow/example_dags/example_datasets.py                                                                  6           0  1.04s           2026-08-13T12:47:58
================================================================================
[2026-08-13T12:48:43.512+0000] {manager.py:879} INFO - 
================================================================================
DAG File Processing Stats

File Path                                                                                                                           PID  Runtime      # DAGs    # Errors  Last Runtime    Last Run
--------------------------------------------------------------------------------------------------------------------------------  -----  ---------  --------  ----------  --------------  -------------------
/home/airflow/.local/lib/python3.8/site-packages/airflow/example_dags/subdags/subdag.py                                                                    0           0  0.15s           2026-08-13T12:48:30
/home/airflow/.local/lib/python3.8/site-packages/airflow/example_dags/plugins/event_listener.py                                                            0           0  0.15s           2026-08-13T12:48:30
/home/airflow/.local/lib/python3.8/site-packages/airflow/example_dags/plugins/listener_plugin.py                                                           0           0  0.21s           2026-08-13T12:48:32
/home/airflow/.local/lib/python3.8/site-packages/airflow/example_dags/plugins/workday.py                                                                   0           0  1.75s           2026-08-13T12:48:32
/home/airflow/.local/lib/python3.8/site-packages/airflow/example_dags/example_latest_only_with_trigger.py                                                  1           0  0.27s           2026-08-13T12:48:30
/home/airflow/.local/lib/python3.8/site-packages/airflow/example_dags/example_task_group.py                                                                1           0  0.30s           2026-08-13T12:48:31
/home/airflow/.local/lib/python3.8/site-packages/airflow/example_dags/example_params_trigger_ui.py                                                         1           0  0.42s           2026-08-13T12:48:31
/home/airflow/.local/lib/python3.8/site-packages/airflow/example_dags/tutorial_taskflow_api_virtualenv.py                                                  1           0  0.34s           2026-08-13T12:48:32
/home/airflow/.local/lib/python3.8/site-packages/airflow/example_dags/example_dynamic_task_mapping_with_no_taskflow_operators.py                           1           0  0.39s           2026-08-13T12:48:32
/home/airflow/.local/lib/python3.8/site-packages/airflow/example_dags/example_xcom.py                                                                      1           0  0.44s           2026-08-13T12:48:32
/home/airflow/.local/lib/python3.8/site-packages/airflow/example_dags/example_sla_dag.py                                                                   1           0  0.22s           2026-08-13T12:48:38
/home/airflow/.local/lib/python3.8/site-packages/airflow/example_dags/example_bash_operator.py                                                             1           0  0.21s           2026-08-13T12:48:39
/home/airflow/.local/lib/python3.8/site-packages/airflow/example_dags/example_nested_branch_dag.py                                                         1           0  0.26s           2026-08-13T12:48:40
/home/airflow/.local/lib/python3.8/site-packages/airflow/example_dags/example_setup_teardown.py                                                            1           0  0.26s           2026-08-13T12:48:41
/home/airflow/.local/lib/python3.8/site-packages/airflow/example_dags/example_sensors.py                                            421  0.14s             1           0  0.25s           2026-08-13T12:48:12
/home/airflow/.local/lib/python3.8/site-packages/airflow/example_dags/example_trigger_controller_dag.py                             422  0.13s             1           0  0.23s           2026-08-13T12:48:12
/home/airflow/.local/lib/python3.8/site-packages/airflow/example_dags/example_python_decorator.py                                                          1           0  0.21s           2026-08-13T12:48:13
/home/airflow/.local/lib/python3.8/site-packages/airflow/example_dags/tutorial.py                                                                          1           0  0.23s           2026-08-13T12:48:15
/home/airflow/.local/lib/python3.8/site-packages/airflow/example_dags/example_passing_params_via_test_command.py                                           1           0  0.23s           2026-08-13T12:48:15
/home/airflow/.local/lib/python3.8/site-packages/airflow/example_dags/example_task_group_decorator.py                                                      1           0  0.22s           2026-08-13T12:48:17
/home/airflow/.local/lib/python3.8/site-packages/airflow/example_dags/example_trigger_target_dag.py                                                        1           0  0.16s           2026-08-13T12:48:17
/home/airflow/.local/lib/python3.8/site-packages/airflow/example_dags/example_sensor_decorator.py                                                          1           0  0.15s           2026-08-13T12:48:17
/home/airflow/.local/lib/python3.8/site-packages/airflow/example_dags/example_skip_dag.py                                                                  1           0  0.20s           2026-08-13T12:48:18
/home/airflow/.local/lib/python3.8/site-packages/airflow/example_dags/example_complex.py                                                                   1           0  0.20s           2026-08-13T12:48:18
/home/airflow/.local/lib/python3.8/site-packages/airflow/example_dags/example_dag_decorator.py                                                             1           0  0.46s           2026-08-13T12:48:22
/home/airflow/.local/lib/python3.8/site-packages/airflow/example_dags/example_latest_only.py                                                               1           0  0.19s           2026-08-13T12:48:18
/home/airflow/.local/lib/python3.8/site-packages/airflow/example_dags/tutorial_dag.py                                                                      1           0  0.20s           2026-08-13T12:48:20
/home/airflow/.local/lib/python3.8/site-packages/airflow/example_dags/example_time_delta_sensor_async.py                                                   1           0  0.15s           2026-08-13T12:48:21
/home/airflow/.local/lib/python3.8/site-packages/airflow/example_dags/example_local_kubernetes_executor.py                                                 1           0  0.21s           2026-08-13T12:48:23
/home/airflow/.local/lib/python3.8/site-packages/airflow/example_dags/example_dynamic_task_mapping.py                                                      1           0  0.19s           2026-08-13T12:48:23
/home/airflow/.local/lib/python3.8/site-packages/airflow/example_dags/example_branch_python_dop_operator_3.py                                              1           0  0.35s           2026-08-13T12:48:24
/home/airflow/.local/lib/python3.8/site-packages/airflow/example_dags/example_branch_labels.py                                                             1           0  0.34s           2026-08-13T12:48:24
/home/airflow/.local/lib/python3.8/site-packages/airflow/example_dags/example_branch_operator_decorator.py                                                 1           0  0.40s           2026-08-13T12:48:24
/home/airflow/.local/lib/python3.8/site-packages/airflow/example_dags/example_params_ui_tutorial.py                                                        1           0  0.56s           2026-08-13T12:48:25
/home/airflow/.local/lib/python3.8/site-packages/airflow/example_dags/example_branch_day_of_week_operator.py                                               1           0  0.72s           2026-08-13T12:48:25
/home/airflow/.local/lib/python3.8/site-packages/airflow/example_dags/tutorial_taskflow_api.py                                                             1           0  0.56s           2026-08-13T12:48:25
/home/airflow/.local/lib/python3.8/site-packages/airflow/example_dags/example_kubernetes_executor.py                                                       1           0  0.57s           2026-08-13T12:48:26
/home/airflow/.local/lib/python3.8/site-packages/airflow/example_dags/example_python_operator.py                                                           1           0  0.49s           2026-08-13T12:48:26
/home/airflow/.local/lib/python3.8/site-packages/airflow/example_dags/example_branch_operator.py                                                           1           0  0.29s           2026-08-13T12:48:26
/home/airflow/.local/lib/python3.8/site-packages/airflow/example_dags/example_setup_teardown_taskflow.py                                                   1           0  0.79s           2026-08-13T12:48:28
/home/airflow/.local/lib/python3.8/site-packages/airflow/example_dags/example_short_circuit_decorator.py                                                   1           0  0.35s           2026-08-13T12:48:29
/home/airflow/.local/lib/python3.8/site-packages/airflow/example_dags/example_short_circuit_operator.py                                                    1           0  0.26s           2026-08-13T12:48:29
/home/airflow/.local/lib/python3.8/site-packages/airflow/example_dags/tutorial_objectstorage.py                                                            1           0  0.23s           2026-08-13T12:48:29
/home/airflow/.local/lib/python3.8/site-packages/airflow/example_dags/example_external_task_marker_dag.py                                                  2           0  0.20s           2026-08-13T12:48:35
/home/airflow/.local/lib/python3.8/site-packages/airflow/example_dags/example_xcomargs.py                                                                  2           0  0.63s           2026-08-13T12:48:28
/home/airflow/.local/lib/python3.8/site-packages/airflow/example_dags/example_subdag_operator.py                                                           3           0  0.27s           2026-08-13T12:48:18
/home/airflow/.local/lib/python3.8/site-packages/airflow/example_dags/example_branch_datetime_operator.py                                                  3           0  0.39s           2026-08-13T12:48:24
/home/airflow/.local/lib/python3.8/site-packages/airflow/example_dags/example_datasets.py                                                                  6           0  0.37s           2026-08-13T12:48:29
================================================================================
[2026-08-13T12:49:14.015+0000] {manager.py:879} INFO - 
================================================================================
DAG File Processing Stats

File Path                                                                                                                           PID  Runtime      # DAGs    # Errors  Last Runtime    Last Run
--------------------------------------------------------------------------------------------------------------------------------  -----  ---------  --------  ----------  --------------  -------------------
/home/airflow/.local/lib/python3.8/site-packages/airflow/example_dags/subdags/subdag.py                                                                    0           0  0.13s           2026-08-13T12:49:00
/home/airflow/.local/lib/python3.8/site-packages/airflow/example_dags/plugins/event_listener.py                                                            0           0  0.14s           2026-08-13T12:49:00
/home/airflow/.local/lib/python3.8/site-packages/airflow/example_dags/plugins/listener_plugin.py                                                           0           0  0.18s           2026-08-13T12:49:04
/home/airflow/.local/lib/python3.8/site-packages/airflow/example_dags/plugins/workday.py                                                                   0           0  4.92s           2026-08-13T12:49:08
/home/airflow/.local/lib/python3.8/site-packages/airflow/example_dags/example_latest_only_with_trigger.py                                                  1           0  0.28s           2026-08-13T12:49:00
/home/airflow/.local/lib/python3.8/site-packages/airflow/example_dags/example_task_group.py                                                                1           0  0.18s           2026-08-13T12:49:01
/home/airflow/.local/lib/python3.8/site-packages/airflow/example_dags/example_params_trigger_ui.py                                                         1           0  0.83s           2026-08-13T12:49:03
/home/airflow/.local/lib/python3.8/site-packages/airflow/example_dags/tutorial_taskflow_api_virtualenv.py                                                  1           0  0.64s           2026-08-13T12:49:03
/home/airflow/.local/lib/python3.8/site-packages/airflow/example_dags/example_dynamic_task_mapping_with_no_taskflow_operators.py                           1           0  0.39s           2026-08-13T12:49:03
/home/airflow/.local/lib/python3.8/site-packages/airflow/example_dags/example_xcom.py                                                                      1           0  0.52s           2026-08-13T12:49:04
/home/airflow/.local/lib/python3.8/site-packages/airflow/example_dags/example_sla_dag.py                                                                   1           0  1.39s           2026-08-13T12:49:10
/home/airflow/.local/lib/python3.8/site-packages/airflow/example_dags/example_bash_operator.py                                                             1           0  0.77s           2026-08-13T12:49:10
/home/airflow/.local/lib/python3.8/site-packages/airflow/example_dags/example_nested_branch_dag.py                                                         1           0  0.61s           2026-08-13T12:49:11
/home/airflow/.local/lib/python3.8/site-packages/airflow/example_dags/example_setup_teardown.py                                                            1           0  0.74s           2026-08-13T12:49:12
/home/airflow/.local/lib/python3.8/site-packages/airflow/example_dags/example_sensors.py                                            476  0.06s             1           0  0.23s           2026-08-13T12:48:43
/home/airflow/.local/lib/python3.8/site-packages/airflow/example_dags/example_trigger_controller_dag.py                             477  0.03s             1           0  0.21s           2026-08-13T12:48:43
/home/airflow/.local/lib/python3.8/site-packages/airflow/example_dags/example_python_decorator.py                                                          1           0  0.22s           2026-08-13T12:48:44
/home/airflow/.local/lib/python3.8/site-packages/airflow/example_dags/tutorial.py                                                                          1           0  0.32s           2026-08-13T12:48:46
/home/airflow/.local/lib/python3.8/site-packages/airflow/example_dags/example_passing_params_via_test_command.py                                           1           0  0.34s           2026-08-13T12:48:46
/home/airflow/.local/lib/python3.8/site-packages/airflow/example_dags/example_task_group_decorator.py                                                      1           0  0.19s           2026-08-13T12:48:48
/home/airflow/.local/lib/python3.8/site-packages/airflow/example_dags/example_trigger_target_dag.py                                                        1           0  0.15s           2026-08-13T12:48:48
/home/airflow/.local/lib/python3.8/site-packages/airflow/example_dags/example_sensor_decorator.py                                                          1           0  0.13s           2026-08-13T12:48:48
/home/airflow/.local/lib/python3.8/site-packages/airflow/example_dags/example_skip_dag.py                                                                  1           0  0.15s           2026-08-13T12:48:49
/home/airflow/.local/lib/python3.8/site-packages/airflow/example_dags/example_complex.py                                                                   1           0  0.18s           2026-08-13T12:48:49
/home/airflow/.local/lib/python3.8/site-packages/airflow/example_dags/example_dag_decorator.py                                                             1           0  0.52s           2026-08-13T12:48:53
/home/airflow/.local/lib/python3.8/site-packages/airflow/example_dags/example_latest_only.py                                                               1           0  0.16s           2026-08-13T12:48:49
/home/airflow/.local/lib/python3.8/site-packages/airflow/example_dags/tutorial_dag.py                                                                      1           0  0.18s           2026-08-13T12:48:51
/home/airflow/.local/lib/python3.8/site-packages/airflow/example_dags/example_time_delta_sensor_async.py                                                   1           0  0.18s           2026-08-13T12:48:52
/home/airflow/.local/lib/python3.8/site-packages/airflow/example_dags/example_local_kubernetes_executor.py                                                 1           0  0.23s           2026-08-13T12:48:53
/home/airflow/.local/lib/python3.8/site-packages/airflow/example_dags/example_dynamic_task_mapping.py                                                      1           0  0.19s           2026-08-13T12:48:53
/home/airflow/.local/lib/python3.8/site-packages/airflow/example_dags/example_branch_python_dop_operator_3.py                                              1           0  0.23s           2026-08-13T12:48:54
/home/airflow/.local/lib/python3.8/site-packages/airflow/example_dags/example_branch_labels.py                                                             1           0  0.20s           2026-08-13T12:48:55
/home/airflow/.local/lib/python3.8/site-packages/airflow/example_dags/example_branch_operator_decorator.py                                                 1           0  0.28s           2026-08-13T12:48:55
/home/airflow/.local/lib/python3.8/site-packages/airflow/example_dags/example_params_ui_tutorial.py                                                        1           0  0.27s           2026-08-13T12:48:55
/home/airflow/.local/lib/python3.8/site-packages/airflow/example_dags/example_branch_day_of_week_operator.py                                               1           0  0.25s           2026-08-13T12:48:56
/home/airflow/.local/lib/python3.8/site-packages/airflow/example_dags/tutorial_taskflow_api.py                                                             1           0  0.22s           2026-08-13T12:48:56
/home/airflow/.local/lib/python3.8/site-packages/airflow/example_dags/example_kubernetes_executor.py                                                       1           0  0.24s           2026-08-13T12:48:56
/home/airflow/.local/lib/python3.8/site-packages/airflow/example_dags/example_python_operator.py                                                           1           0  0.18s           2026-08-13T12:48:57
/home/airflow/.local/lib/python3.8/site-packages/airflow/example_dags/example_branch_operator.py                                                           1           0  0.21s           2026-08-13T12:48:57
/home/airflow/.local/lib/python3.8/site-packages/airflow/example_dags/example_setup_teardown_taskflow.py                                                   1           0  0.20s           2026-08-13T12:48:58
/home/airflow/.local/lib/python3.8/site-packages/airflow/example_dags/example_short_circuit_decorator.py                                                   1           0  0.37s           2026-08-13T12:49:00
/home/airflow/.local/lib/python3.8/site-packages/airflow/example_dags/example_short_circuit_operator.py                                                    1           0  0.33s           2026-08-13T12:49:00
/home/airflow/.local/lib/python3.8/site-packages/airflow/example_dags/tutorial_objectstorage.py                                                            1           0  0.25s           2026-08-13T12:49:00
/home/airflow/.local/lib/python3.8/site-packages/airflow/example_dags/example_external_task_marker_dag.py                                                  2           0  1.20s           2026-08-13T12:49:07
/home/airflow/.local/lib/python3.8/site-packages/airflow/example_dags/example_xcomargs.py                                                                  2           0  0.22s           2026-08-13T12:48:58
/home/airflow/.local/lib/python3.8/site-packages/airflow/example_dags/example_subdag_operator.py                                                           3           0  0.21s           2026-08-13T12:48:49
/home/airflow/.local/lib/python3.8/site-packages/airflow/example_dags/example_branch_datetime_operator.py                                                  3           0  0.24s           2026-08-13T12:48:54
/home/airflow/.local/lib/python3.8/site-packages/airflow/example_dags/example_datasets.py                                                                  6           0  0.40s           2026-08-13T12:48:59
================================================================================
[2026-08-13T12:49:44.488+0000] {manager.py:879} INFO - 
================================================================================
DAG File Processing Stats

File Path                                                                                                                           PID  Runtime      # DAGs    # Errors  Last Runtime    Last Run
--------------------------------------------------------------------------------------------------------------------------------  -----  ---------  --------  ----------  --------------  -------------------
/home/airflow/.local/lib/python3.8/site-packages/airflow/example_dags/subdags/subdag.py                                                                    0           0  0.23s           2026-08-13T12:49:31
/home/airflow/.local/lib/python3.8/site-packages/airflow/example_dags/plugins/event_listener.py                                                            0           0  0.24s           2026-08-13T12:49:31
/home/airflow/.local/lib/python3.8/site-packages/airflow/example_dags/plugins/listener_plugin.py                                                           0           0  0.15s           2026-08-13T12:49:34
/home/airflow/.local/lib/python3.8/site-packages/airflow/example_dags/plugins/workday.py                                            525  5.53s             0           0  4.92s           2026-08-13T12:49:08
/home/airflow/.local/lib/python3.8/site-packages/airflow/example_dags/example_latest_only_with_trigger.py                                                  1           0  0.44s           2026-08-13T12:49:31
/home/airflow/.local/lib/python3.8/site-packages/airflow/example_dags/example_task_group.py                                                                1           0  0.27s           2026-08-13T12:49:32
/home/airflow/.local/lib/python3.8/site-packages/airflow/example_dags/example_params_trigger_ui.py                                                         1           0  0.62s           2026-08-13T12:49:34
/home/airflow/.local/lib/python3.8/site-packages/airflow/example_dags/tutorial_taskflow_api_virtualenv.py                                                  1           0  0.44s           2026-08-13T12:49:33
/home/airflow/.local/lib/python3.8/site-packages/airflow/example_dags/example_dynamic_task_mapping_with_no_taskflow_operators.py                           1           0  0.47s           2026-08-13T12:49:34
/home/airflow/.local/lib/python3.8/site-packages/airflow/example_dags/example_xcom.py                                                                      1           0  0.29s           2026-08-13T12:49:34
/home/airflow/.local/lib/python3.8/site-packages/airflow/example_dags/example_sla_dag.py                                                                   1           0  1.14s           2026-08-13T12:49:41
/home/airflow/.local/lib/python3.8/site-packages/airflow/example_dags/example_bash_operator.py                                                             1           0  1.16s           2026-08-13T12:49:42
/home/airflow/.local/lib/python3.8/site-packages/airflow/example_dags/example_nested_branch_dag.py                                                         1           0  1.01s           2026-08-13T12:49:43
/home/airflow/.local/lib/python3.8/site-packages/airflow/example_dags/example_setup_teardown.py                                     530  0.90s             1           0  0.74s           2026-08-13T12:49:12
/home/airflow/.local/lib/python3.8/site-packages/airflow/example_dags/example_sensors.py                                                                   1           0  0.88s           2026-08-13T12:49:14
/home/airflow/.local/lib/python3.8/site-packages/airflow/example_dags/example_trigger_controller_dag.py                                                    1           0  0.91s           2026-08-13T12:49:14
/home/airflow/.local/lib/python3.8/site-packages/airflow/example_dags/example_python_decorator.py                                                          1           0  0.58s           2026-08-13T12:49:15
/home/airflow/.local/lib/python3.8/site-packages/airflow/example_dags/tutorial.py                                                                          1           0  0.29s           2026-08-13T12:49:17
/home/airflow/.local/lib/python3.8/site-packages/airflow/example_dags/example_passing_params_via_test_command.py                                           1           0  0.30s           2026-08-13T12:49:17
/home/airflow/.local/lib/python3.8/site-packages/airflow/example_dags/example_task_group_decorator.py                                                      1           0  0.31s           2026-08-13T12:49:19
/home/airflow/.local/lib/python3.8/site-packages/airflow/example_dags/example_trigger_target_dag.py                                                        1           0  0.22s           2026-08-13T12:49:18
/home/airflow/.local/lib/python3.8/site-packages/airflow/example_dags/example_sensor_decorator.py                                                          1           0  0.26s           2026-08-13T12:49:19
/home/airflow/.local/lib/python3.8/site-packages/airflow/example_dags/example_skip_dag.py                                                                  1           0  0.45s           2026-08-13T12:49:20
/home/airflow/.local/lib/python3.8/site-packages/airflow/example_dags/example_complex.py                                                                   1           0  0.25s           2026-08-13T12:49:20
/home/airflow/.local/lib/python3.8/site-packages/airflow/example_dags/example_dag_decorator.py                                                             1           0  1.09s           2026-08-13T12:49:24
/home/airflow/.local/lib/python3.8/site-packages/airflow/example_dags/example_latest_only.py                                                               1           0  0.24s           2026-08-13T12:49:20
/home/airflow/.local/lib/python3.8/site-packages/airflow/example_dags/tutorial_dag.py                                                                      1           0  0.22s           2026-08-13T12:49:22
/home/airflow/.local/lib/python3.8/site-packages/airflow/example_dags/example_time_delta_sensor_async.py                                                   1           0  0.23s           2026-08-13T12:49:23
/home/airflow/.local/lib/python3.8/site-packages/airflow/example_dags/example_local_kubernetes_executor.py                                                 1           0  0.45s           2026-08-13T12:49:24
/home/airflow/.local/lib/python3.8/site-packages/airflow/example_dags/example_dynamic_task_mapping.py                                                      1           0  0.34s           2026-08-13T12:49:24
/home/airflow/.local/lib/python3.8/site-packages/airflow/example_dags/example_branch_python_dop_operator_3.py                                              1           0  0.30s           2026-08-13T12:49:24
/home/airflow/.local/lib/python3.8/site-packages/airflow/example_dags/example_branch_labels.py                                                             1           0  0.55s           2026-08-13T12:49:25
/home/airflow/.local/lib/python3.8/site-packages/airflow/example_dags/example_branch_operator_decorator.py                                                 1           0  0.86s           2026-08-13T12:49:26
/home/airflow/.local/lib/python3.8/site-packages/airflow/example_dags/example_params_ui_tutorial.py                                                        1           0  0.86s           2026-08-13T12:49:26
/home/airflow/.local/lib/python3.8/site-packages/airflow/example_dags/example_branch_day_of_week_operator.py                                               1           0  0.32s           2026-08-13T12:49:27
/home/airflow/.local/lib/python3.8/site-packages/airflow/example_dags/tutorial_taskflow_api.py                                                             1           0  0.30s           2026-08-13T12:49:27
/home/airflow/.local/lib/python3.8/site-packages/airflow/example_dags/example_kubernetes_executor.py                                                       1           0  0.41s           2026-08-13T12:49:27
/home/airflow/.local/lib/python3.8/site-packages/airflow/example_dags/example_python_operator.py                                                           1           0  0.28s           2026-08-13T12:49:27
/home/airflow/.local/lib/python3.8/site-packages/airflow/example_dags/example_branch_operator.py                                                           1           0  0.32s           2026-08-13T12:49:28
/home/airflow/.local/lib/python3.8/site-packages/airflow/example_dags/example_setup_teardown_taskflow.py                                                   1           0  0.59s           2026-08-13T12:49:29
/home/airflow/.local/lib/python3.8/site-packages/airflow/example_dags/example_short_circuit_decorator.py                                                   1           0  0.34s           2026-08-13T12:49:30
/home/airflow/.local/lib/python3.8/site-packages/airflow/example_dags/example_short_circuit_operator.py                                                    1           0  0.37s           2026-08-13T12:49:31
/home/airflow/.local/lib/python3.8/site-packages/airflow/example_dags/tutorial_objectstorage.py                                                            1           0  0.33s           2026-08-13T12:49:31
/home/airflow/.local/lib/python3.8/site-packages/airflow/example_dags/example_external_task_marker_dag.py                                                  2           0  0.32s           2026-08-13T12:49:38
/home/airflow/.local/lib/python3.8/site-packages/airflow/example_dags/example_xcomargs.py                                                                  2           0  0.31s           2026-08-13T12:49:29
/home/airflow/.local/lib/python3.8/site-packages/airflow/example_dags/example_subdag_operator.py                                                           3           0  0.58s           2026-08-13T12:49:20
/home/airflow/.local/lib/python3.8/site-packages/airflow/example_dags/example_branch_datetime_operator.py                                                  3           0  0.30s           2026-08-13T12:49:25
/home/airflow/.local/lib/python3.8/site-packages/airflow/example_dags/example_datasets.py                                                                  6           0  0.48s           2026-08-13T12:49:30
================================================================================
[2026-08-13T12:50:09.651+0000] {manager.py:738} INFO - Searching for files in /opt/airflow/dags
[2026-08-13T12:50:09.696+0000] {manager.py:741} INFO - There are 48 files in /opt/airflow/dags
[2026-08-13T12:50:15.046+0000] {manager.py:879} INFO - 
================================================================================
DAG File Processing Stats

File Path                                                                                                                           PID  Runtime      # DAGs    # Errors  Last Runtime    Last Run
--------------------------------------------------------------------------------------------------------------------------------  -----  ---------  --------  ----------  --------------  -------------------
/home/airflow/.local/lib/python3.8/site-packages/airflow/example_dags/subdags/subdag.py                                                                    0           0  0.15s           2026-08-13T12:50:02
/home/airflow/.local/lib/python3.8/site-packages/airflow/example_dags/plugins/event_listener.py                                                            0           0  0.17s           2026-08-13T12:50:02
/home/airflow/.local/lib/python3.8/site-packages/airflow/example_dags/plugins/listener_plugin.py                                                           0           0  0.30s           2026-08-13T12:50:05
/home/airflow/.local/lib/python3.8/site-packages/airflow/example_dags/plugins/workday.py                                                                   0           0  8.14s           2026-08-13T12:49:47
/home/airflow/.local/lib/python3.8/site-packages/airflow/example_dags/example_latest_only_with_trigger.py                                                  1           0  0.32s           2026-08-13T12:50:02
/home/airflow/.local/lib/python3.8/site-packages/airflow/example_dags/example_task_group.py                                                                1           0  0.35s           2026-08-13T12:50:03
/home/airflow/.local/lib/python3.8/site-packages/airflow/example_dags/example_params_trigger_ui.py                                                         1           0  0.50s           2026-08-13T12:50:05
/home/airflow/.local/lib/python3.8/site-packages/airflow/example_dags/tutorial_taskflow_api_virtualenv.py                                                  1           0  0.41s           2026-08-13T12:50:04
/home/airflow/.local/lib/python3.8/site-packages/airflow/example_dags/example_dynamic_task_mapping_with_no_taskflow_operators.py                           1           0  0.37s           2026-08-13T12:50:04
/home/airflow/.local/lib/python3.8/site-packages/airflow/example_dags/example_xcom.py                                                                      1           0  0.64s           2026-08-13T12:50:05
/home/airflow/.local/lib/python3.8/site-packages/airflow/example_dags/example_sla_dag.py                                                                   1           0  0.17s           2026-08-13T12:50:11
/home/airflow/.local/lib/python3.8/site-packages/airflow/example_dags/example_bash_operator.py                                                             1           0  0.19s           2026-08-13T12:50:12
/home/airflow/.local/lib/python3.8/site-packages/airflow/example_dags/example_nested_branch_dag.py                                                         1           0  0.19s           2026-08-13T12:50:14
/home/airflow/.local/lib/python3.8/site-packages/airflow/example_dags/example_setup_teardown.py                                     583  0.01s             1           0  1.04s           2026-08-13T12:49:44
/home/airflow/.local/lib/python3.8/site-packages/airflow/example_dags/example_sensors.py                                                                   1           0  1.28s           2026-08-13T12:49:46
/home/airflow/.local/lib/python3.8/site-packages/airflow/example_dags/example_trigger_controller_dag.py                                                    1           0  2.12s           2026-08-13T12:49:48
/home/airflow/.local/lib/python3.8/site-packages/airflow/example_dags/example_python_decorator.py                                                          1           0  1.91s           2026-08-13T12:49:49
/home/airflow/.local/lib/python3.8/site-packages/airflow/example_dags/tutorial.py                                                                          1           0  0.63s           2026-08-13T12:49:49
/home/airflow/.local/lib/python3.8/site-packages/airflow/example_dags/example_passing_params_via_test_command.py                                           1           0  0.67s           2026-08-13T12:49:49
/home/airflow/.local/lib/python3.8/site-packages/airflow/example_dags/example_task_group_decorator.py                                                      1           0  0.61s           2026-08-13T12:49:50
/home/airflow/.local/lib/python3.8/site-packages/airflow/example_dags/example_trigger_target_dag.py                                                        1           0  0.50s           2026-08-13T12:49:50
/home/airflow/.local/lib/python3.8/site-packages/airflow/example_dags/example_sensor_decorator.py                                                          1           0  0.49s           2026-08-13T12:49:50
/home/airflow/.local/lib/python3.8/site-packages/airflow/example_dags/example_skip_dag.py                                                                  1           0  0.75s           2026-08-13T12:49:51
/home/airflow/.local/lib/python3.8/site-packages/airflow/example_dags/example_complex.py                                                                   1           0  0.86s           2026-08-13T12:49:52
/home/airflow/.local/lib/python3.8/site-packages/airflow/example_dags/example_dag_decorator.py                                                             1           0  3.67s           2026-08-13T12:49:58
/home/airflow/.local/lib/python3.8/site-packages/airflow/example_dags/example_latest_only.py                                                               1           0  0.73s           2026-08-13T12:49:52
/home/airflow/.local/lib/python3.8/site-packages/airflow/example_dags/tutorial_dag.py                                                                      1           0  0.53s           2026-08-13T12:49:53
/home/airflow/.local/lib/python3.8/site-packages/airflow/example_dags/example_time_delta_sensor_async.py                                                   1           0  0.67s           2026-08-13T12:49:54
/home/airflow/.local/lib/python3.8/site-packages/airflow/example_dags/example_local_kubernetes_executor.py                                                 1           0  2.70s           2026-08-13T12:49:57
/home/airflow/.local/lib/python3.8/site-packages/airflow/example_dags/example_dynamic_task_mapping.py                                                      1           0  0.34s           2026-08-13T12:49:58
/home/airflow/.local/lib/python3.8/site-packages/airflow/example_dags/example_branch_python_dop_operator_3.py                                              1           0  0.50s           2026-08-13T12:49:58
/home/airflow/.local/lib/python3.8/site-packages/airflow/example_dags/example_branch_labels.py                                                             1           0  0.33s           2026-08-13T12:49:58
/home/airflow/.local/lib/python3.8/site-packages/airflow/example_dags/example_branch_operator_decorator.py                                                 1           0  0.39s           2026-08-13T12:49:59
/home/airflow/.local/lib/python3.8/site-packages/airflow/example_dags/example_params_ui_tutorial.py                                                        1           0  0.43s           2026-08-13T12:49:59
/home/airflow/.local/lib/python3.8/site-packages/airflow/example_dags/example_branch_day_of_week_operator.py                                               1           0  0.32s           2026-08-13T12:49:59
/home/airflow/.local/lib/python3.8/site-packages/airflow/example_dags/tutorial_taskflow_api.py                                                             1           0  0.35s           2026-08-13T12:49:59
/home/airflow/.local/lib/python3.8/site-packages/airflow/example_dags/example_kubernetes_executor.py                                                       1           0  0.45s           2026-08-13T12:49:59
/home/airflow/.local/lib/python3.8/site-packages/airflow/example_dags/example_python_operator.py                                                           1           0  0.30s           2026-08-13T12:50:00
/home/airflow/.local/lib/python3.8/site-packages/airflow/example_dags/example_branch_operator.py                                                           1           0  0.40s           2026-08-13T12:50:00
/home/airflow/.local/lib/python3.8/site-packages/airflow/example_dags/example_setup_teardown_taskflow.py                                                   1           0  0.33s           2026-08-13T12:50:00
/home/airflow/.local/lib/python3.8/site-packages/airflow/example_dags/example_short_circuit_decorator.py                                                   1           0  0.39s           2026-08-13T12:50:01
/home/airflow/.local/lib/python3.8/site-packages/airflow/example_dags/example_short_circuit_operator.py                                                    1           0  0.36s           2026-08-13T12:50:02
/home/airflow/.local/lib/python3.8/site-packages/airflow/example_dags/tutorial_objectstorage.py                                                            1           0  0.26s           2026-08-13T12:50:02
/home/airflow/.local/lib/python3.8/site-packages/airflow/example_dags/example_external_task_marker_dag.py                                                  2           0  0.22s           2026-08-13T12:50:08
/home/airflow/.local/lib/python3.8/site-packages/airflow/example_dags/example_xcomargs.py                                                                  2           0  0.26s           2026-08-13T12:50:00
/home/airflow/.local/lib/python3.8/site-packages/airflow/example_dags/example_subdag_operator.py                                                           3           0  1.02s           2026-08-13T12:49:51
/home/airflow/.local/lib/python3.8/site-packages/airflow/example_dags/example_branch_datetime_operator.py                                                  3           0  0.45s           2026-08-13T12:49:58
/home/airflow/.local/lib/python3.8/site-packages/airflow/example_dags/example_datasets.py                                                                  6           0  0.58s           2026-08-13T12:50:02
================================================================================
[2026-08-13T12:50:45.396+0000] {manager.py:879} INFO - 
================================================================================
DAG File Processing Stats

File Path                                                                                                                           PID  Runtime      # DAGs    # Errors  Last Runtime    Last Run
--------------------------------------------------------------------------------------------------------------------------------  -----  ---------  --------  ----------  --------------  -------------------
/home/airflow/.local/lib/python3.8/site-packages/airflow/example_dags/subdags/subdag.py                                                                    0           0  0.11s           2026-08-13T12:50:35
/home/airflow/.local/lib/python3.8/site-packages/airflow/example_dags/plugins/event_listener.py                                                            0           0  0.10s           2026-08-13T12:50:35
/home/airflow/.local/lib/python3.8/site-packages/airflow/example_dags/plugins/listener_plugin.py                                                           0           0  0.10s           2026-08-13T12:50:35
/home/airflow/.local/lib/python3.8/site-packages/airflow/example_dags/plugins/workday.py                                                                   0           0  1.89s           2026-08-13T12:50:19
/home/airflow/.local/lib/python3.8/site-packages/airflow/example_dags/example_latest_only_with_trigger.py                                                  1           0  0.27s           2026-08-13T12:50:34
/home/airflow/.local/lib/python3.8/site-packages/airflow/example_dags/example_task_group.py                                                                1           0  0.27s           2026-08-13T12:50:34
/home/airflow/.local/lib/python3.8/site-packages/airflow/example_dags/example_params_trigger_ui.py                                                         1           0  0.29s           2026-08-13T12:50:35
/home/airflow/.local/lib/python3.8/site-packages/airflow/example_dags/tutorial_taskflow_api_virtualenv.py                                                  1           0  0.21s           2026-08-13T12:50:35
/home/airflow/.local/lib/python3.8/site-packages/airflow/example_dags/example_dynamic_task_mapping_with_no_taskflow_operators.py                           1           0  0.22s           2026-08-13T12:50:35
/home/airflow/.local/lib/python3.8/site-packages/airflow/example_dags/example_xcom.py                                                                      1           0  0.21s           2026-08-13T12:50:35
/home/airflow/.local/lib/python3.8/site-packages/airflow/example_dags/example_sla_dag.py                                                                   1           0  0.21s           2026-08-13T12:50:42
/home/airflow/.local/lib/python3.8/site-packages/airflow/example_dags/example_bash_operator.py                                                             1           0  0.26s           2026-08-13T12:50:43
/home/airflow/.local/lib/python3.8/site-packages/airflow/example_dags/example_nested_branch_dag.py                                                         1           0  0.16s           2026-08-13T12:50:44
/home/airflow/.local/lib/python3.8/site-packages/airflow/example_dags/example_setup_teardown.py                                     638  0.01s             1           0  0.24s           2026-08-13T12:50:15
/home/airflow/.local/lib/python3.8/site-packages/airflow/example_dags/example_sensors.py                                                                   1           0  0.20s           2026-08-13T12:50:17
/home/airflow/.local/lib/python3.8/site-packages/airflow/example_dags/example_trigger_controller_dag.py                                                    1           0  0.21s           2026-08-13T12:50:19
/home/airflow/.local/lib/python3.8/site-packages/airflow/example_dags/example_python_decorator.py                                                          1           0  0.20s           2026-08-13T12:50:19
/home/airflow/.local/lib/python3.8/site-packages/airflow/example_dags/tutorial.py                                                                          1           0  0.27s           2026-08-13T12:50:20
/home/airflow/.local/lib/python3.8/site-packages/airflow/example_dags/example_passing_params_via_test_command.py                                           1           0  0.29s           2026-08-13T12:50:20
/home/airflow/.local/lib/python3.8/site-packages/airflow/example_dags/example_task_group_decorator.py                                                      1           0  0.32s           2026-08-13T12:50:20
/home/airflow/.local/lib/python3.8/site-packages/airflow/example_dags/example_trigger_target_dag.py                                                        1           0  0.20s           2026-08-13T12:50:20
/home/airflow/.local/lib/python3.8/site-packages/airflow/example_dags/example_sensor_decorator.py                                                          1           0  0.15s           2026-08-13T12:50:21
/home/airflow/.local/lib/python3.8/site-packages/airflow/example_dags/example_skip_dag.py                                                                  1           0  0.17s           2026-08-13T12:50:22
/home/airflow/.local/lib/python3.8/site-packages/airflow/example_dags/example_complex.py                                                                   1           0  0.25s           2026-08-13T12:50:23
/home/airflow/.local/lib/python3.8/site-packages/airflow/example_dags/example_dag_decorator.py                                                             1           0  2.60s           2026-08-13T12:50:31
/home/airflow/.local/lib/python3.8/site-packages/airflow/example_dags/example_latest_only.py                                                               1           0  0.26s           2026-08-13T12:50:23
/home/airflow/.local/lib/python3.8/site-packages/airflow/example_dags/tutorial_dag.py                                                                      1           0  0.18s           2026-08-13T12:50:23
/home/airflow/.local/lib/python3.8/site-packages/airflow/example_dags/example_time_delta_sensor_async.py                                                   1           0  0.18s           2026-08-13T12:50:24
/home/airflow/.local/lib/python3.8/site-packages/airflow/example_dags/example_local_kubernetes_executor.py                                                 1           0  1.44s           2026-08-13T12:50:30
/home/airflow/.local/lib/python3.8/site-packages/airflow/example_dags/example_dynamic_task_mapping.py                                                      1           0  0.88s           2026-08-13T12:50:31
/home/airflow/.local/lib/python3.8/site-packages/airflow/example_dags/example_branch_python_dop_operator_3.py                                              1           0  0.83s           2026-08-13T12:50:31
/home/airflow/.local/lib/python3.8/site-packages/airflow/example_dags/example_branch_labels.py                                                             1           0  0.59s           2026-08-13T12:50:32
/home/airflow/.local/lib/python3.8/site-packages/airflow/example_dags/example_branch_operator_decorator.py                                                 1           0  0.54s           2026-08-13T12:50:32
/home/airflow/.local/lib/python3.8/site-packages/airflow/example_dags/example_params_ui_tutorial.py                                                        1           0  0.50s           2026-08-13T12:50:33
/home/airflow/.local/lib/python3.8/site-packages/airflow/example_dags/example_branch_day_of_week_operator.py                                               1           0  0.34s           2026-08-13T12:50:33
/home/airflow/.local/lib/python3.8/site-packages/airflow/example_dags/tutorial_taskflow_api.py                                                             1           0  0.24s           2026-08-13T12:50:33
/home/airflow/.local/lib/python3.8/site-packages/airflow/example_dags/example_kubernetes_executor.py                                                       1           0  0.40s           2026-08-13T12:50:33
/home/airflow/.local/lib/python3.8/site-packages/airflow/example_dags/example_python_operator.py                                                           1           0  0.37s           2026-08-13T12:50:33
/home/airflow/.local/lib/python3.8/site-packages/airflow/example_dags/example_branch_operator.py                                                           1           0  0.32s           2026-08-13T12:50:33
/home/airflow/.local/lib/python3.8/site-packages/airflow/example_dags/example_setup_teardown_taskflow.py                                                   1           0  0.26s           2026-08-13T12:50:33
/home/airflow/.local/lib/python3.8/site-packages/airflow/example_dags/example_short_circuit_decorator.py                                                   1           0  0.29s           2026-08-13T12:50:34
/home/airflow/.local/lib/python3.8/site-packages/airflow/example_dags/example_short_circuit_operator.py                                                    1           0  0.28s           2026-08-13T12:50:34
/home/airflow/.local/lib/python3.8/site-packages/airflow/example_dags/tutorial_objectstorage.py                                                            1           0  0.23s           2026-08-13T12:50:35
/home/airflow/.local/lib/python3.8/site-packages/airflow/example_dags/example_external_task_marker_dag.py                                                  2           0  0.24s           2026-08-13T12:50:39
/home/airflow/.local/lib/python3.8/site-packages/airflow/example_dags/example_xcomargs.py                                                                  2           0  0.27s           2026-08-13T12:50:34
/home/airflow/.local/lib/python3.8/site-packages/airflow/example_dags/example_subdag_operator.py                                                           3           0  0.21s           2026-08-13T12:50:22
/home/airflow/.local/lib/python3.8/site-packages/airflow/example_dags/example_branch_datetime_operator.py                                                  3           0  0.89s           2026-08-13T12:50:32
/home/airflow/.local/lib/python3.8/site-packages/airflow/example_dags/example_datasets.py                                                                  6           0  0.38s           2026-08-13T12:50:34
================================================================================
[2026-08-13T12:51:15.756+0000] {manager.py:879} INFO - 
================================================================================
DAG File Processing Stats

File Path                                                                                                                           PID  Runtime      # DAGs    # Errors  Last Runtime    Last Run
--------------------------------------------------------------------------------------------------------------------------------  -----  ---------  --------  ----------  --------------  -------------------
/home/airflow/.local/lib/python3.8/site-packages/airflow/example_dags/subdags/subdag.py                                                                    0           0  0.11s           2026-08-13T12:51:05
/home/airflow/.local/lib/python3.8/site-packages/airflow/example_dags/plugins/event_listener.py                                                            0           0  0.11s           2026-08-13T12:51:05
/home/airflow/.local/lib/python3.8/site-packages/airflow/example_dags/plugins/listener_plugin.py                                                           0           0  0.08s           2026-08-13T12:51:06
/home/airflow/.local/lib/python3.8/site-packages/airflow/example_dags/plugins/workday.py                                                                   0           0  1.07s           2026-08-13T12:50:50
/home/airflow/.local/lib/python3.8/site-packages/airflow/example_dags/example_latest_only_with_trigger.py                                                  1           0  0.24s           2026-08-13T12:51:04
/home/airflow/.local/lib/python3.8/site-packages/airflow/example_dags/example_task_group.py                                                                1           0  0.18s           2026-08-13T12:51:05
/home/airflow/.local/lib/python3.8/site-packages/airflow/example_dags/example_params_trigger_ui.py                                                         1           0  0.24s           2026-08-13T12:51:05
/home/airflow/.local/lib/python3.8/site-packages/airflow/example_dags/tutorial_taskflow_api_virtualenv.py                                                  1           0  0.17s           2026-08-13T12:51:05
/home/airflow/.local/lib/python3.8/site-packages/airflow/example_dags/example_dynamic_task_mapping_with_no_taskflow_operators.py                           1           0  0.18s           2026-08-13T12:51:06
/home/airflow/.local/lib/python3.8/site-packages/airflow/example_dags/example_xcom.py                                                                      1           0  0.18s           2026-08-13T12:51:06
/home/airflow/.local/lib/python3.8/site-packages/airflow/example_dags/example_sla_dag.py                                                                   1           0  0.18s           2026-08-13T12:51:12
/home/airflow/.local/lib/python3.8/site-packages/airflow/example_dags/example_bash_operator.py                                                             1           0  0.23s           2026-08-13T12:51:13
/home/airflow/.local/lib/python3.8/site-packages/airflow/example_dags/example_nested_branch_dag.py                                                         1           0  0.25s           2026-08-13T12:51:14
/home/airflow/.local/lib/python3.8/site-packages/airflow/example_dags/example_setup_teardown.py                                     693  0.01s             1           0  0.16s           2026-08-13T12:50:45
/home/airflow/.local/lib/python3.8/site-packages/airflow/example_dags/example_sensors.py                                                                   1           0  0.24s           2026-08-13T12:50:47
/home/airflow/.local/lib/python3.8/site-packages/airflow/example_dags/example_trigger_controller_dag.py                                                    1           0  0.22s           2026-08-13T12:50:49
/home/airflow/.local/lib/python3.8/site-packages/airflow/example_dags/example_python_decorator.py                                                          1           0  0.21s           2026-08-13T12:50:49
/home/airflow/.local/lib/python3.8/site-packages/airflow/example_dags/tutorial.py                                                                          1           0  0.17s           2026-08-13T12:50:50
/home/airflow/.local/lib/python3.8/site-packages/airflow/example_dags/example_passing_params_via_test_command.py                                           1           0  0.16s           2026-08-13T12:50:51
/home/airflow/.local/lib/python3.8/site-packages/airflow/example_dags/example_task_group_decorator.py                                                      1           0  0.16s           2026-08-13T12:50:51
/home/airflow/.local/lib/python3.8/site-packages/airflow/example_dags/example_trigger_target_dag.py                                                        1           0  0.14s           2026-08-13T12:50:51
/home/airflow/.local/lib/python3.8/site-packages/airflow/example_dags/example_sensor_decorator.py                                                          1           0  0.13s           2026-08-13T12:50:51
/home/airflow/.local/lib/python3.8/site-packages/airflow/example_dags/example_skip_dag.py                                                                  1           0  0.17s           2026-08-13T12:50:52
/home/airflow/.local/lib/python3.8/site-packages/airflow/example_dags/example_complex.py                                                                   1           0  0.17s           2026-08-13T12:50:53
/home/airflow/.local/lib/python3.8/site-packages/airflow/example_dags/example_dag_decorator.py                                                             1           0  0.47s           2026-08-13T12:51:02
/home/airflow/.local/lib/python3.8/site-packages/airflow/example_dags/example_latest_only.py                                                               1           0  0.15s           2026-08-13T12:50:53
/home/airflow/.local/lib/python3.8/site-packages/airflow/example_dags/tutorial_dag.py                                                                      1           0  0.13s           2026-08-13T12:50:53
/home/airflow/.local/lib/python3.8/site-packages/airflow/example_dags/example_time_delta_sensor_async.py                                                   1           0  0.19s           2026-08-13T12:50:54
/home/airflow/.local/lib/python3.8/site-packages/airflow/example_dags/example_local_kubernetes_executor.py                                                 1           0  0.22s           2026-08-13T12:51:01
/home/airflow/.local/lib/python3.8/site-packages/airflow/example_dags/example_dynamic_task_mapping.py                                                      1           0  0.17s           2026-08-13T12:51:01
/home/airflow/.local/lib/python3.8/site-packages/airflow/example_dags/example_branch_python_dop_operator_3.py                                              1           0  0.20s           2026-08-13T12:51:02
/home/airflow/.local/lib/python3.8/site-packages/airflow/example_dags/example_branch_labels.py                                                             1           0  0.18s           2026-08-13T12:51:02
/home/airflow/.local/lib/python3.8/site-packages/airflow/example_dags/example_branch_operator_decorator.py                                                 1           0  0.48s           2026-08-13T12:51:04
/home/airflow/.local/lib/python3.8/site-packages/airflow/example_dags/example_params_ui_tutorial.py                                                        1           0  0.52s           2026-08-13T12:51:04
/home/airflow/.local/lib/python3.8/site-packages/airflow/example_dags/example_branch_day_of_week_operator.py                                               1           0  0.22s           2026-08-13T12:51:04
/home/airflow/.local/lib/python3.8/site-packages/airflow/example_dags/tutorial_taskflow_api.py                                                             1           0  0.19s           2026-08-13T12:51:04
/home/airflow/.local/lib/python3.8/site-packages/airflow/example_dags/example_kubernetes_executor.py                                                       1           0  0.24s           2026-08-13T12:51:04
/home/airflow/.local/lib/python3.8/site-packages/airflow/example_dags/example_python_operator.py                                                           1           0  0.19s           2026-08-13T12:51:04
/home/airflow/.local/lib/python3.8/site-packages/airflow/example_dags/example_branch_operator.py                                                           1           0  0.20s           2026-08-13T12:51:04
/home/airflow/.local/lib/python3.8/site-packages/airflow/example_dags/example_setup_teardown_taskflow.py                                                   1           0  0.19s           2026-08-13T12:51:05
/home/airflow/.local/lib/python3.8/site-packages/airflow/example_dags/example_short_circuit_decorator.py                                                   1           0  0.16s           2026-08-13T12:51:05
/home/airflow/.local/lib/python3.8/site-packages/airflow/example_dags/example_short_circuit_operator.py                                                    1           0  0.21s           2026-08-13T12:51:05
/home/airflow/.local/lib/python3.8/site-packages/airflow/example_dags/tutorial_objectstorage.py                                                            1           0  0.19s           2026-08-13T12:51:05
/home/airflow/.local/lib/python3.8/site-packages/airflow/example_dags/example_external_task_marker_dag.py                                                  2           0  0.26s           2026-08-13T12:51:09
/home/airflow/.local/lib/python3.8/site-packages/airflow/example_dags/example_xcomargs.py                                                                  2           0  0.17s           2026-08-13T12:51:05
/home/airflow/.local/lib/python3.8/site-packages/airflow/example_dags/example_subdag_operator.py                                                           3           0  0.23s           2026-08-13T12:50:52
/home/airflow/.local/lib/python3.8/site-packages/airflow/example_dags/example_branch_datetime_operator.py                                                  3           0  0.22s           2026-08-13T12:51:02
/home/airflow/.local/lib/python3.8/site-packages/airflow/example_dags/example_datasets.py                                                                  6           0  0.23s           2026-08-13T12:51:05
================================================================================
[2026-08-13T12:51:46.083+0000] {manager.py:879} INFO - 
================================================================================
DAG File Processing Stats

File Path                                                                                                                           PID  Runtime      # DAGs    # Errors  Last Runtime    Last Run
--------------------------------------------------------------------------------------------------------------------------------  -----  ---------  --------  ----------  --------------  -------------------
/home/airflow/.local/lib/python3.8/site-packages/airflow/example_dags/subdags/subdag.py                                                                    0           0  0.16s           2026-08-13T12:51:38
/home/airflow/.local/lib/python3.8/site-packages/airflow/example_dags/plugins/event_listener.py                                                            0           0  0.23s           2026-08-13T12:51:38
/home/airflow/.local/lib/python3.8/site-packages/airflow/example_dags/plugins/listener_plugin.py                                                           0           0  0.19s           2026-08-13T12:51:38
/home/airflow/.local/lib/python3.8/site-packages/airflow/example_dags/plugins/workday.py                                                                   0           0  1.76s           2026-08-13T12:51:23
/home/airflow/.local/lib/python3.8/site-packages/airflow/example_dags/example_latest_only_with_trigger.py                                                  1           0  0.39s           2026-08-13T12:51:35
/home/airflow/.local/lib/python3.8/site-packages/airflow/example_dags/example_task_group.py                                                                1           0  0.28s           2026-08-13T12:51:35
/home/airflow/.local/lib/python3.8/site-packages/airflow/example_dags/example_params_trigger_ui.py                                                         1           0  0.40s           2026-08-13T12:51:36
/home/airflow/.local/lib/python3.8/site-packages/airflow/example_dags/tutorial_taskflow_api_virtualenv.py                                                  1           0  0.33s           2026-08-13T12:51:36
/home/airflow/.local/lib/python3.8/site-packages/airflow/example_dags/example_dynamic_task_mapping_with_no_taskflow_operators.py                           1           0  0.31s           2026-08-13T12:51:36
/home/airflow/.local/lib/python3.8/site-packages/airflow/example_dags/example_xcom.py                                                                      1           0  0.30s           2026-08-13T12:51:37
/home/airflow/.local/lib/python3.8/site-packages/airflow/example_dags/example_sla_dag.py                                                                   1           0  1.17s           2026-08-13T12:51:43
/home/airflow/.local/lib/python3.8/site-packages/airflow/example_dags/example_bash_operator.py                                                             1           0  0.66s           2026-08-13T12:51:44
/home/airflow/.local/lib/python3.8/site-packages/airflow/example_dags/example_nested_branch_dag.py                                                         1           0  0.61s           2026-08-13T12:51:45
/home/airflow/.local/lib/python3.8/site-packages/airflow/example_dags/example_setup_teardown.py                                     748  0.06s             1           0  0.22s           2026-08-13T12:51:15
/home/airflow/.local/lib/python3.8/site-packages/airflow/example_dags/example_sensors.py                                                                   1           0  0.17s           2026-08-13T12:51:18
/home/airflow/.local/lib/python3.8/site-packages/airflow/example_dags/example_trigger_controller_dag.py                                                    1           0  0.24s           2026-08-13T12:51:20
/home/airflow/.local/lib/python3.8/site-packages/airflow/example_dags/example_python_decorator.py                                                          1           0  0.28s           2026-08-13T12:51:20
/home/airflow/.local/lib/python3.8/site-packages/airflow/example_dags/tutorial.py                                                                          1           0  0.21s           2026-08-13T12:51:21
/home/airflow/.local/lib/python3.8/site-packages/airflow/example_dags/example_passing_params_via_test_command.py                                           1           0  0.25s           2026-08-13T12:51:21
/home/airflow/.local/lib/python3.8/site-packages/airflow/example_dags/example_task_group_decorator.py                                                      1           0  0.24s           2026-08-13T12:51:21
/home/airflow/.local/lib/python3.8/site-packages/airflow/example_dags/example_trigger_target_dag.py                                                        1           0  0.20s           2026-08-13T12:51:21
/home/airflow/.local/lib/python3.8/site-packages/airflow/example_dags/example_sensor_decorator.py                                                          1           0  0.19s           2026-08-13T12:51:22
/home/airflow/.local/lib/python3.8/site-packages/airflow/example_dags/example_skip_dag.py                                                                  1           0  0.17s           2026-08-13T12:51:23
/home/airflow/.local/lib/python3.8/site-packages/airflow/example_dags/example_complex.py                                                                   1           0  0.25s           2026-08-13T12:51:24
/home/airflow/.local/lib/python3.8/site-packages/airflow/example_dags/example_dag_decorator.py                                                             1           0  1.01s           2026-08-13T12:51:34
/home/airflow/.local/lib/python3.8/site-packages/airflow/example_dags/example_latest_only.py                                                               1           0  0.25s           2026-08-13T12:51:24
/home/airflow/.local/lib/python3.8/site-packages/airflow/example_dags/tutorial_dag.py                                                                      1           0  0.21s           2026-08-13T12:51:24
/home/airflow/.local/lib/python3.8/site-packages/airflow/example_dags/example_time_delta_sensor_async.py                                                   1           0  0.20s           2026-08-13T12:51:25
/home/airflow/.local/lib/python3.8/site-packages/airflow/example_dags/example_local_kubernetes_executor.py                                                 1           0  0.32s           2026-08-13T12:51:32
/home/airflow/.local/lib/python3.8/site-packages/airflow/example_dags/example_dynamic_task_mapping.py                                                      1           0  0.27s           2026-08-13T12:51:32
/home/airflow/.local/lib/python3.8/site-packages/airflow/example_dags/example_branch_python_dop_operator_3.py                                              1           0  0.33s           2026-08-13T12:51:33
/home/airflow/.local/lib/python3.8/site-packages/airflow/example_dags/example_branch_labels.py                                                             1           0  0.35s           2026-08-13T12:51:34
/home/airflow/.local/lib/python3.8/site-packages/airflow/example_dags/example_branch_operator_decorator.py                                                 1           0  0.48s           2026-08-13T12:51:34
/home/airflow/.local/lib/python3.8/site-packages/airflow/example_dags/example_params_ui_tutorial.py                                                        1           0  0.52s           2026-08-13T12:51:34
/home/airflow/.local/lib/python3.8/site-packages/airflow/example_dags/example_branch_day_of_week_operator.py                                               1           0  0.41s           2026-08-13T12:51:35
/home/airflow/.local/lib/python3.8/site-packages/airflow/example_dags/tutorial_taskflow_api.py                                                             1           0  0.28s           2026-08-13T12:51:35
/home/airflow/.local/lib/python3.8/site-packages/airflow/example_dags/example_kubernetes_executor.py                                                       1           0  0.38s           2026-08-13T12:51:35
/home/airflow/.local/lib/python3.8/site-packages/airflow/example_dags/example_python_operator.py                                                           1           0  0.37s           2026-08-13T12:51:35
/home/airflow/.local/lib/python3.8/site-packages/airflow/example_dags/example_branch_operator.py                                                           1           0  0.31s           2026-08-13T12:51:36
/home/airflow/.local/lib/python3.8/site-packages/airflow/example_dags/example_setup_teardown_taskflow.py                                                   1           0  0.28s           2026-08-13T12:51:36
/home/airflow/.local/lib/python3.8/site-packages/airflow/example_dags/example_short_circuit_decorator.py                                                   1           0  0.49s           2026-08-13T12:51:37
/home/airflow/.local/lib/python3.8/site-packages/airflow/example_dags/example_short_circuit_operator.py                                                    1           0  0.42s           2026-08-13T12:51:38
/home/airflow/.local/lib/python3.8/site-packages/airflow/example_dags/tutorial_objectstorage.py                                                            1           0  0.41s           2026-08-13T12:51:38
/home/airflow/.local/lib/python3.8/site-packages/airflow/example_dags/example_external_task_marker_dag.py                                                  2           0  0.20s           2026-08-13T12:51:39
/home/airflow/.local/lib/python3.8/site-packages/airflow/example_dags/example_xcomargs.py                                                                  2           0  0.28s           2026-08-13T12:51:36
/home/airflow/.local/lib/python3.8/site-packages/airflow/example_dags/example_subdag_operator.py                                                           3           0  0.24s           2026-08-13T12:51:22
/home/airflow/.local/lib/python3.8/site-packages/airflow/example_dags/example_branch_datetime_operator.py                                                  3           0  0.43s           2026-08-13T12:51:33
/home/airflow/.local/lib/python3.8/site-packages/airflow/example_dags/example_datasets.py                                                                  6           0  0.60s           2026-08-13T12:51:37
================================================================================
[2026-08-13T12:52:16.181+0000] {manager.py:879} INFO - 
================================================================================
DAG File Processing Stats

File Path                                                                                                                         PID    Runtime      # DAGs    # Errors  Last Runtime    Last Run
--------------------------------------------------------------------------------------------------------------------------------  -----  ---------  --------  ----------  --------------  -------------------
/home/airflow/.local/lib/python3.8/site-packages/airflow/example_dags/subdags/subdag.py                                                                    0           0  0.08s           2026-08-13T12:52:08
/home/airflow/.local/lib/python3.8/site-packages/airflow/example_dags/plugins/event_listener.py                                                            0           0  0.09s           2026-08-13T12:52:08
/home/airflow/.local/lib/python3.8/site-packages/airflow/example_dags/plugins/listener_plugin.py                                                           0           0  0.14s           2026-08-13T12:52:09
/home/airflow/.local/lib/python3.8/site-packages/airflow/example_dags/plugins/workday.py                                                                   0           0  4.41s           2026-08-13T12:51:58
/home/airflow/.local/lib/python3.8/site-packages/airflow/example_dags/example_latest_only_with_trigger.py                                                  1           0  0.19s           2026-08-13T12:52:05
/home/airflow/.local/lib/python3.8/site-packages/airflow/example_dags/example_task_group.py                                                                1           0  0.22s           2026-08-13T12:52:05
/home/airflow/.local/lib/python3.8/site-packages/airflow/example_dags/example_params_trigger_ui.py                                                         1           0  0.47s           2026-08-13T12:52:07
/home/airflow/.local/lib/python3.8/site-packages/airflow/example_dags/tutorial_taskflow_api_virtualenv.py                                                  1           0  0.32s           2026-08-13T12:52:07
/home/airflow/.local/lib/python3.8/site-packages/airflow/example_dags/example_dynamic_task_mapping_with_no_taskflow_operators.py                           1           0  0.25s           2026-08-13T12:52:07
/home/airflow/.local/lib/python3.8/site-packages/airflow/example_dags/example_xcom.py                                                                      1           0  0.21s           2026-08-13T12:52:07
/home/airflow/.local/lib/python3.8/site-packages/airflow/example_dags/example_sla_dag.py                                                                   1           0  0.94s           2026-08-13T12:52:15
/home/airflow/.local/lib/python3.8/site-packages/airflow/example_dags/example_bash_operator.py                                                             1           0  0.77s           2026-08-13T12:52:15
/home/airflow/.local/lib/python3.8/site-packages/airflow/example_dags/example_nested_branch_dag.py                                                         1           0  0.44s           2026-08-13T12:52:16
/home/airflow/.local/lib/python3.8/site-packages/airflow/example_dags/example_setup_teardown.py                                                            1           0  0.50s           2026-08-13T12:51:46
/home/airflow/.local/lib/python3.8/site-packages/airflow/example_dags/example_sensors.py                                                                   1           0  0.32s           2026-08-13T12:51:48
/home/airflow/.local/lib/python3.8/site-packages/airflow/example_dags/example_trigger_controller_dag.py                                                    1           0  0.31s           2026-08-13T12:51:50
/home/airflow/.local/lib/python3.8/site-packages/airflow/example_dags/example_python_decorator.py                                                          1           0  0.28s           2026-08-13T12:51:50
/home/airflow/.local/lib/python3.8/site-packages/airflow/example_dags/tutorial.py                                                                          1           0  0.19s           2026-08-13T12:51:51
/home/airflow/.local/lib/python3.8/site-packages/airflow/example_dags/example_passing_params_via_test_command.py                                           1           0  0.23s           2026-08-13T12:51:51
/home/airflow/.local/lib/python3.8/site-packages/airflow/example_dags/example_task_group_decorator.py                                                      1           0  0.31s           2026-08-13T12:51:52
/home/airflow/.local/lib/python3.8/site-packages/airflow/example_dags/example_trigger_target_dag.py                                                        1           0  0.22s           2026-08-13T12:51:52
/home/airflow/.local/lib/python3.8/site-packages/airflow/example_dags/example_sensor_decorator.py                                                          1           0  0.82s           2026-08-13T12:51:54
/home/airflow/.local/lib/python3.8/site-packages/airflow/example_dags/example_skip_dag.py                                                                  1           0  0.55s           2026-08-13T12:51:54
/home/airflow/.local/lib/python3.8/site-packages/airflow/example_dags/example_complex.py                                                                   1           0  0.56s           2026-08-13T12:51:55
/home/airflow/.local/lib/python3.8/site-packages/airflow/example_dags/example_dag_decorator.py                                                             1           0  0.51s           2026-08-13T12:52:05
/home/airflow/.local/lib/python3.8/site-packages/airflow/example_dags/example_latest_only.py                                                               1           0  0.40s           2026-08-13T12:51:55
/home/airflow/.local/lib/python3.8/site-packages/airflow/example_dags/tutorial_dag.py                                                                      1           0  0.31s           2026-08-13T12:51:55
/home/airflow/.local/lib/python3.8/site-packages/airflow/example_dags/example_time_delta_sensor_async.py                                                   1           0  0.30s           2026-08-13T12:51:56
/home/airflow/.local/lib/python3.8/site-packages/airflow/example_dags/example_local_kubernetes_executor.py                                                 1           0  0.21s           2026-08-13T12:52:02
/home/airflow/.local/lib/python3.8/site-packages/airflow/example_dags/example_dynamic_task_mapping.py                                                      1           0  0.18s           2026-08-13T12:52:02
/home/airflow/.local/lib/python3.8/site-packages/airflow/example_dags/example_branch_python_dop_operator_3.py                                              1           0  0.19s           2026-08-13T12:52:03
/home/airflow/.local/lib/python3.8/site-packages/airflow/example_dags/example_branch_labels.py                                                             1           0  0.19s           2026-08-13T12:52:04
/home/airflow/.local/lib/python3.8/site-packages/airflow/example_dags/example_branch_operator_decorator.py                                                 1           0  0.21s           2026-08-13T12:52:05
/home/airflow/.local/lib/python3.8/site-packages/airflow/example_dags/example_params_ui_tutorial.py                                                        1           0  0.23s           2026-08-13T12:52:05
/home/airflow/.local/lib/python3.8/site-packages/airflow/example_dags/example_branch_day_of_week_operator.py                                               1           0  0.19s           2026-08-13T12:52:05
/home/airflow/.local/lib/python3.8/site-packages/airflow/example_dags/tutorial_taskflow_api.py                                                             1           0  0.16s           2026-08-13T12:52:05
/home/airflow/.local/lib/python3.8/site-packages/airflow/example_dags/example_kubernetes_executor.py                                                       1           0  0.22s           2026-08-13T12:52:06
/home/airflow/.local/lib/python3.8/site-packages/airflow/example_dags/example_python_operator.py                                                           1           0  0.18s           2026-08-13T12:52:06
/home/airflow/.local/lib/python3.8/site-packages/airflow/example_dags/example_branch_operator.py                                                           1           0  0.21s           2026-08-13T12:52:08
/home/airflow/.local/lib/python3.8/site-packages/airflow/example_dags/example_setup_teardown_taskflow.py                                                   1           0  0.19s           2026-08-13T12:52:08
/home/airflow/.local/lib/python3.8/site-packages/airflow/example_dags/example_short_circuit_decorator.py                                                   1           0  0.20s           2026-08-13T12:52:08
/home/airflow/.local/lib/python3.8/site-packages/airflow/example_dags/example_short_circuit_operator.py                                                    1           0  0.20s           2026-08-13T12:52:08
/home/airflow/.local/lib/python3.8/site-packages/airflow/example_dags/tutorial_objectstorage.py                                                            1           0  0.17s           2026-08-13T12:52:08
/home/airflow/.local/lib/python3.8/site-packages/airflow/example_dags/example_external_task_marker_dag.py                                                  2           0  0.34s           2026-08-13T12:52:10
/home/airflow/.local/lib/python3.8/site-packages/airflow/example_dags/example_xcomargs.py                                                                  2           0  0.17s           2026-08-13T12:52:08
/home/airflow/.local/lib/python3.8/site-packages/airflow/example_dags/example_subdag_operator.py                                                           3           0  1.03s           2026-08-13T12:51:54
/home/airflow/.local/lib/python3.8/site-packages/airflow/example_dags/example_branch_datetime_operator.py                                                  3           0  0.19s           2026-08-13T12:52:04
/home/airflow/.local/lib/python3.8/site-packages/airflow/example_dags/example_datasets.py                                                                  6           0  0.25s           2026-08-13T12:52:08
================================================================================
[2026-08-13T12:52:46.860+0000] {manager.py:879} INFO - 
================================================================================
DAG File Processing Stats

File Path                                                                                                                           PID  Runtime      # DAGs    # Errors  Last Runtime    Last Run
--------------------------------------------------------------------------------------------------------------------------------  -----  ---------  --------  ----------  --------------  -------------------
/home/airflow/.local/lib/python3.8/site-packages/airflow/example_dags/subdags/subdag.py                                                                    0           0  0.11s           2026-08-13T12:52:39
/home/airflow/.local/lib/python3.8/site-packages/airflow/example_dags/plugins/event_listener.py                                                            0           0  0.09s           2026-08-13T12:52:39
/home/airflow/.local/lib/python3.8/site-packages/airflow/example_dags/plugins/listener_plugin.py                                                           0           0  0.10s           2026-08-13T12:52:40
/home/airflow/.local/lib/python3.8/site-packages/airflow/example_dags/plugins/workday.py                                                                   0           0  4.25s           2026-08-13T12:52:33
/home/airflow/.local/lib/python3.8/site-packages/airflow/example_dags/example_latest_only_with_trigger.py                                                  1           0  0.31s           2026-08-13T12:52:36
/home/airflow/.local/lib/python3.8/site-packages/airflow/example_dags/example_task_group.py                                                                1           0  0.30s           2026-08-13T12:52:36
/home/airflow/.local/lib/python3.8/site-packages/airflow/example_dags/example_params_trigger_ui.py                                                         1           0  0.25s           2026-08-13T12:52:37
/home/airflow/.local/lib/python3.8/site-packages/airflow/example_dags/tutorial_taskflow_api_virtualenv.py                                                  1           0  0.19s           2026-08-13T12:52:37
/home/airflow/.local/lib/python3.8/site-packages/airflow/example_dags/example_dynamic_task_mapping_with_no_taskflow_operators.py                           1           0  0.22s           2026-08-13T12:52:38
/home/airflow/.local/lib/python3.8/site-packages/airflow/example_dags/example_xcom.py                                                                      1           0  0.24s           2026-08-13T12:52:38
/home/airflow/.local/lib/python3.8/site-packages/airflow/example_dags/example_sla_dag.py                                                                   1           0  0.29s           2026-08-13T12:52:45
/home/airflow/.local/lib/python3.8/site-packages/airflow/example_dags/example_bash_operator.py                                                             1           0  0.18s           2026-08-13T12:52:45
/home/airflow/.local/lib/python3.8/site-packages/airflow/example_dags/example_nested_branch_dag.py                                  857  0.01s             1           0  0.44s           2026-08-13T12:52:16
/home/airflow/.local/lib/python3.8/site-packages/airflow/example_dags/example_setup_teardown.py                                                            1           0  0.39s           2026-08-13T12:52:17
/home/airflow/.local/lib/python3.8/site-packages/airflow/example_dags/example_sensors.py                                                                   1           0  0.28s           2026-08-13T12:52:19
/home/airflow/.local/lib/python3.8/site-packages/airflow/example_dags/example_trigger_controller_dag.py                                                    1           0  0.65s           2026-08-13T12:52:21
/home/airflow/.local/lib/python3.8/site-packages/airflow/example_dags/example_python_decorator.py                                                          1           0  0.57s           2026-08-13T12:52:21
/home/airflow/.local/lib/python3.8/site-packages/airflow/example_dags/tutorial.py                                                                          1           0  0.47s           2026-08-13T12:52:22
/home/airflow/.local/lib/python3.8/site-packages/airflow/example_dags/example_passing_params_via_test_command.py                                           1           0  0.54s           2026-08-13T12:52:23
/home/airflow/.local/lib/python3.8/site-packages/airflow/example_dags/example_task_group_decorator.py                                                      1           0  0.61s           2026-08-13T12:52:23
/home/airflow/.local/lib/python3.8/site-packages/airflow/example_dags/example_trigger_target_dag.py                                                        1           0  0.45s           2026-08-13T12:52:23
/home/airflow/.local/lib/python3.8/site-packages/airflow/example_dags/example_sensor_decorator.py                                                          1           0  0.29s           2026-08-13T12:52:24
/home/airflow/.local/lib/python3.8/site-packages/airflow/example_dags/example_skip_dag.py                                                                  1           0  0.26s           2026-08-13T12:52:25
/home/airflow/.local/lib/python3.8/site-packages/airflow/example_dags/example_complex.py                                                                   1           0  0.99s           2026-08-13T12:52:26
/home/airflow/.local/lib/python3.8/site-packages/airflow/example_dags/example_dag_decorator.py                                                             1           0  1.17s           2026-08-13T12:52:36
/home/airflow/.local/lib/python3.8/site-packages/airflow/example_dags/example_latest_only.py                                                               1           0  0.88s           2026-08-13T12:52:26
/home/airflow/.local/lib/python3.8/site-packages/airflow/example_dags/tutorial_dag.py                                                                      1           0  0.66s           2026-08-13T12:52:27
/home/airflow/.local/lib/python3.8/site-packages/airflow/example_dags/example_time_delta_sensor_async.py                                                   1           0  0.62s           2026-08-13T12:52:27
/home/airflow/.local/lib/python3.8/site-packages/airflow/example_dags/example_local_kubernetes_executor.py                                                 1           0  0.24s           2026-08-13T12:52:32
/home/airflow/.local/lib/python3.8/site-packages/airflow/example_dags/example_dynamic_task_mapping.py                                                      1           0  0.21s           2026-08-13T12:52:33
/home/airflow/.local/lib/python3.8/site-packages/airflow/example_dags/example_branch_python_dop_operator_3.py                                              1           0  0.32s           2026-08-13T12:52:34
/home/airflow/.local/lib/python3.8/site-packages/airflow/example_dags/example_branch_labels.py                                                             1           0  0.37s           2026-08-13T12:52:36
/home/airflow/.local/lib/python3.8/site-packages/airflow/example_dags/example_branch_operator_decorator.py                                                 1           0  0.44s           2026-08-13T12:52:36
/home/airflow/.local/lib/python3.8/site-packages/airflow/example_dags/example_params_ui_tutorial.py                                                        1           0  0.43s           2026-08-13T12:52:37
/home/airflow/.local/lib/python3.8/site-packages/airflow/example_dags/example_branch_day_of_week_operator.py                                               1           0  0.29s           2026-08-13T12:52:37
/home/airflow/.local/lib/python3.8/site-packages/airflow/example_dags/tutorial_taskflow_api.py                                                             1           0  0.24s           2026-08-13T12:52:37
/home/airflow/.local/lib/python3.8/site-packages/airflow/example_dags/example_kubernetes_executor.py                                                       1           0  0.31s           2026-08-13T12:52:37
/home/airflow/.local/lib/python3.8/site-packages/airflow/example_dags/example_python_operator.py                                                           1           0  0.24s           2026-08-13T12:52:37
/home/airflow/.local/lib/python3.8/site-packages/airflow/example_dags/example_branch_operator.py                                                           1           0  0.30s           2026-08-13T12:52:38
/home/airflow/.local/lib/python3.8/site-packages/airflow/example_dags/example_setup_teardown_taskflow.py                                                   1           0  0.24s           2026-08-13T12:52:38
/home/airflow/.local/lib/python3.8/site-packages/airflow/example_dags/example_short_circuit_decorator.py                                                   1           0  0.28s           2026-08-13T12:52:38
/home/airflow/.local/lib/python3.8/site-packages/airflow/example_dags/example_short_circuit_operator.py                                                    1           0  0.31s           2026-08-13T12:52:39
/home/airflow/.local/lib/python3.8/site-packages/airflow/example_dags/tutorial_objectstorage.py                                                            1           0  0.33s           2026-08-13T12:52:39
/home/airflow/.local/lib/python3.8/site-packages/airflow/example_dags/example_external_task_marker_dag.py                                                  2           0  0.18s           2026-08-13T12:52:40
/home/airflow/.local/lib/python3.8/site-packages/airflow/example_dags/example_xcomargs.py                                                                  2           0  0.25s           2026-08-13T12:52:38
/home/airflow/.local/lib/python3.8/site-packages/airflow/example_dags/example_subdag_operator.py                                                           3           0  0.38s           2026-08-13T12:52:24
/home/airflow/.local/lib/python3.8/site-packages/airflow/example_dags/example_branch_datetime_operator.py                                                  3           0  0.41s           2026-08-13T12:52:35
/home/airflow/.local/lib/python3.8/site-packages/airflow/example_dags/example_datasets.py                                                                  6           0  0.41s           2026-08-13T12:52:38
================================================================================
[2026-08-13T12:53:17.141+0000] {manager.py:879} INFO - 
================================================================================
DAG File Processing Stats

File Path                                                                                                                           PID  Runtime      # DAGs    # Errors  Last Runtime    Last Run
--------------------------------------------------------------------------------------------------------------------------------  -----  ---------  --------  ----------  --------------  -------------------
/home/airflow/.local/lib/python3.8/site-packages/airflow/example_dags/subdags/subdag.py                                                                    0           0  0.08s           2026-08-13T12:53:09
/home/airflow/.local/lib/python3.8/site-packages/airflow/example_dags/plugins/event_listener.py                                                            0           0  0.08s           2026-08-13T12:53:09
/home/airflow/.local/lib/python3.8/site-packages/airflow/example_dags/plugins/listener_plugin.py                                                           0           0  0.09s           2026-08-13T12:53:10
/home/airflow/.local/lib/python3.8/site-packages/airflow/example_dags/plugins/workday.py                                                                   0           0  2.48s           2026-08-13T12:53:05
/home/airflow/.local/lib/python3.8/site-packages/airflow/example_dags/example_latest_only_with_trigger.py                                                  1           0  0.19s           2026-08-13T12:53:06
/home/airflow/.local/lib/python3.8/site-packages/airflow/example_dags/example_task_group.py                                                                1           0  0.17s           2026-08-13T12:53:06
/home/airflow/.local/lib/python3.8/site-packages/airflow/example_dags/example_params_trigger_ui.py                                                         1           0  0.22s           2026-08-13T12:53:08
/home/airflow/.local/lib/python3.8/site-packages/airflow/example_dags/tutorial_taskflow_api_virtualenv.py                                                  1           0  0.15s           2026-08-13T12:53:08
/home/airflow/.local/lib/python3.8/site-packages/airflow/example_dags/example_dynamic_task_mapping_with_no_taskflow_operators.py                           1           0  0.17s           2026-08-13T12:53:08
/home/airflow/.local/lib/python3.8/site-packages/airflow/example_dags/example_xcom.py                                                                      1           0  0.16s           2026-08-13T12:53:08
/home/airflow/.local/lib/python3.8/site-packages/airflow/example_dags/example_sla_dag.py                                                                   1           0  0.22s           2026-08-13T12:53:16
/home/airflow/.local/lib/python3.8/site-packages/airflow/example_dags/example_bash_operator.py                                                             1           0  0.19s           2026-08-13T12:53:16
/home/airflow/.local/lib/python3.8/site-packages/airflow/example_dags/example_nested_branch_dag.py                                  912  0.01s             1           0  0.24s           2026-08-13T12:52:47
/home/airflow/.local/lib/python3.8/site-packages/airflow/example_dags/example_setup_teardown.py                                                            1           0  0.42s           2026-08-13T12:52:48
/home/airflow/.local/lib/python3.8/site-packages/airflow/example_dags/example_sensors.py                                                                   1           0  0.53s           2026-08-13T12:52:49
/home/airflow/.local/lib/python3.8/site-packages/airflow/example_dags/example_trigger_controller_dag.py                                                    1           0  0.20s           2026-08-13T12:52:51
/home/airflow/.local/lib/python3.8/site-packages/airflow/example_dags/example_python_decorator.py                                                          1           0  0.18s           2026-08-13T12:52:51
/home/airflow/.local/lib/python3.8/site-packages/airflow/example_dags/tutorial.py                                                                          1           0  0.18s           2026-08-13T12:52:53
/home/airflow/.local/lib/python3.8/site-packages/airflow/example_dags/example_passing_params_via_test_command.py                                           1           0  0.19s           2026-08-13T12:52:53
/home/airflow/.local/lib/python3.8/site-packages/airflow/example_dags/example_task_group_decorator.py                                                      1           0  0.23s           2026-08-13T12:52:54
/home/airflow/.local/lib/python3.8/site-packages/airflow/example_dags/example_trigger_target_dag.py                                                        1           0  0.22s           2026-08-13T12:52:54
/home/airflow/.local/lib/python3.8/site-packages/airflow/example_dags/example_sensor_decorator.py                                                          1           0  0.25s           2026-08-13T12:52:55
/home/airflow/.local/lib/python3.8/site-packages/airflow/example_dags/example_skip_dag.py                                                                  1           0  0.18s           2026-08-13T12:52:55
/home/airflow/.local/lib/python3.8/site-packages/airflow/example_dags/example_complex.py                                                                   1           0  0.23s           2026-08-13T12:52:57
/home/airflow/.local/lib/python3.8/site-packages/airflow/example_dags/example_dag_decorator.py                                                             1           0  0.41s           2026-08-13T12:53:07
/home/airflow/.local/lib/python3.8/site-packages/airflow/example_dags/example_latest_only.py                                                               1           0  0.20s           2026-08-13T12:52:57
/home/airflow/.local/lib/python3.8/site-packages/airflow/example_dags/tutorial_dag.py                                                                      1           0  0.17s           2026-08-13T12:52:57
/home/airflow/.local/lib/python3.8/site-packages/airflow/example_dags/example_time_delta_sensor_async.py                                                   1           0  0.13s           2026-08-13T12:52:58
/home/airflow/.local/lib/python3.8/site-packages/airflow/example_dags/example_local_kubernetes_executor.py                                                 1           0  0.33s           2026-08-13T12:53:03
/home/airflow/.local/lib/python3.8/site-packages/airflow/example_dags/example_dynamic_task_mapping.py                                                      1           0  0.27s           2026-08-13T12:53:03
/home/airflow/.local/lib/python3.8/site-packages/airflow/example_dags/example_branch_python_dop_operator_3.py                                              1           0  0.14s           2026-08-13T12:53:04
/home/airflow/.local/lib/python3.8/site-packages/airflow/example_dags/example_branch_labels.py                                                             1           0  0.15s           2026-08-13T12:53:07
/home/airflow/.local/lib/python3.8/site-packages/airflow/example_dags/example_branch_operator_decorator.py                                                 1           0  0.19s           2026-08-13T12:53:07
/home/airflow/.local/lib/python3.8/site-packages/airflow/example_dags/example_params_ui_tutorial.py                                                        1           0  0.20s           2026-08-13T12:53:07
/home/airflow/.local/lib/python3.8/site-packages/airflow/example_dags/example_branch_day_of_week_operator.py                                               1           0  0.17s           2026-08-13T12:53:07
/home/airflow/.local/lib/python3.8/site-packages/airflow/example_dags/tutorial_taskflow_api.py                                                             1           0  0.12s           2026-08-13T12:53:07
/home/airflow/.local/lib/python3.8/site-packages/airflow/example_dags/example_kubernetes_executor.py                                                       1           0  0.17s           2026-08-13T12:53:08
/home/airflow/.local/lib/python3.8/site-packages/airflow/example_dags/example_python_operator.py                                                           1           0  0.16s           2026-08-13T12:53:08
/home/airflow/.local/lib/python3.8/site-packages/airflow/example_dags/example_branch_operator.py                                                           1           0  0.19s           2026-08-13T12:53:08
/home/airflow/.local/lib/python3.8/site-packages/airflow/example_dags/example_setup_teardown_taskflow.py                                                   1           0  0.16s           2026-08-13T12:53:08
/home/airflow/.local/lib/python3.8/site-packages/airflow/example_dags/example_short_circuit_decorator.py                                                   1           0  0.21s           2026-08-13T12:53:09
/home/airflow/.local/lib/python3.8/site-packages/airflow/example_dags/example_short_circuit_operator.py                                                    1           0  0.18s           2026-08-13T12:53:09
/home/airflow/.local/lib/python3.8/site-packages/airflow/example_dags/tutorial_objectstorage.py                                                            1           0  0.17s           2026-08-13T12:53:09
/home/airflow/.local/lib/python3.8/site-packages/airflow/example_dags/example_external_task_marker_dag.py                                                  2           0  0.17s           2026-08-13T12:53:10
/home/airflow/.local/lib/python3.8/site-packages/airflow/example_dags/example_xcomargs.py                                                                  2           0  0.17s           2026-08-13T12:53:08
/home/airflow/.local/lib/python3.8/site-packages/airflow/example_dags/example_subdag_operator.py                                                           3           0  0.32s           2026-08-13T12:52:55
/home/airflow/.local/lib/python3.8/site-packages/airflow/example_dags/example_branch_datetime_operator.py                                                  3           0  0.18s           2026-08-13T12:53:05
/home/airflow/.local/lib/python3.8/site-packages/airflow/example_dags/example_datasets.py                                                                  6           0  0.33s           2026-08-13T12:53:09
================================================================================
[2026-08-13T12:53:47.243+0000] {manager.py:879} INFO - 
================================================================================
DAG File Processing Stats

File Path                                                                                                                           PID  Runtime      # DAGs    # Errors  Last Runtime    Last Run
--------------------------------------------------------------------------------------------------------------------------------  -----  ---------  --------  ----------  --------------  -------------------
/home/airflow/.local/lib/python3.8/site-packages/airflow/example_dags/subdags/subdag.py                                                                    0           0  0.10s           2026-08-13T12:53:43
/home/airflow/.local/lib/python3.8/site-packages/airflow/example_dags/plugins/event_listener.py                                                            0           0  0.10s           2026-08-13T12:53:43
/home/airflow/.local/lib/python3.8/site-packages/airflow/example_dags/plugins/listener_plugin.py                                                           0           0  0.12s           2026-08-13T12:53:43
/home/airflow/.local/lib/python3.8/site-packages/airflow/example_dags/plugins/workday.py                                                                   0           0  4.74s           2026-08-13T12:53:40
/home/airflow/.local/lib/python3.8/site-packages/airflow/example_dags/example_latest_only_with_trigger.py                                                  1           0  0.39s           2026-08-13T12:53:37
/home/airflow/.local/lib/python3.8/site-packages/airflow/example_dags/example_task_group.py                                                                1           0  0.48s           2026-08-13T12:53:38
/home/airflow/.local/lib/python3.8/site-packages/airflow/example_dags/example_params_trigger_ui.py                                                         1           0  0.34s           2026-08-13T12:53:40
/home/airflow/.local/lib/python3.8/site-packages/airflow/example_dags/tutorial_taskflow_api_virtualenv.py                                                  1           0  0.42s           2026-08-13T12:53:41
/home/airflow/.local/lib/python3.8/site-packages/airflow/example_dags/example_dynamic_task_mapping_with_no_taskflow_operators.py                           1           0  0.53s           2026-08-13T12:53:41
/home/airflow/.local/lib/python3.8/site-packages/airflow/example_dags/example_xcom.py                                                                      1           0  0.48s           2026-08-13T12:53:41
/home/airflow/.local/lib/python3.8/site-packages/airflow/example_dags/example_sla_dag.py                                                                   1           0  0.26s           2026-08-13T12:53:47
/home/airflow/.local/lib/python3.8/site-packages/airflow/example_dags/example_bash_operator.py                                      966  0.25s             1           0  0.19s           2026-08-13T12:53:16
/home/airflow/.local/lib/python3.8/site-packages/airflow/example_dags/example_nested_branch_dag.py                                                         1           0  0.41s           2026-08-13T12:53:17
/home/airflow/.local/lib/python3.8/site-packages/airflow/example_dags/example_setup_teardown.py                                                            1           0  0.17s           2026-08-13T12:53:18
/home/airflow/.local/lib/python3.8/site-packages/airflow/example_dags/example_sensors.py                                                                   1           0  0.20s           2026-08-13T12:53:19
/home/airflow/.local/lib/python3.8/site-packages/airflow/example_dags/example_trigger_controller_dag.py                                                    1           0  0.27s           2026-08-13T12:53:22
/home/airflow/.local/lib/python3.8/site-packages/airflow/example_dags/example_python_decorator.py                                                          1           0  0.26s           2026-08-13T12:53:22
/home/airflow/.local/lib/python3.8/site-packages/airflow/example_dags/tutorial.py                                                                          1           0  0.50s           2026-08-13T12:53:24
/home/airflow/.local/lib/python3.8/site-packages/airflow/example_dags/example_passing_params_via_test_command.py                                           1           0  0.52s           2026-08-13T12:53:24
/home/airflow/.local/lib/python3.8/site-packages/airflow/example_dags/example_task_group_decorator.py                                                      1           0  0.44s           2026-08-13T12:53:24
/home/airflow/.local/lib/python3.8/site-packages/airflow/example_dags/example_trigger_target_dag.py                                                        1           0  0.36s           2026-08-13T12:53:24
/home/airflow/.local/lib/python3.8/site-packages/airflow/example_dags/example_sensor_decorator.py                                                          1           0  0.27s           2026-08-13T12:53:26
/home/airflow/.local/lib/python3.8/site-packages/airflow/example_dags/example_skip_dag.py                                                                  1           0  0.40s           2026-08-13T12:53:26
/home/airflow/.local/lib/python3.8/site-packages/airflow/example_dags/example_complex.py                                                                   1           0  0.22s           2026-08-13T12:53:28
/home/airflow/.local/lib/python3.8/site-packages/airflow/example_dags/example_dag_decorator.py                                                             1           0  2.19s           2026-08-13T12:53:40
/home/airflow/.local/lib/python3.8/site-packages/airflow/example_dags/example_latest_only.py                                                               1           0  0.19s           2026-08-13T12:53:28
/home/airflow/.local/lib/python3.8/site-packages/airflow/example_dags/tutorial_dag.py                                                                      1           0  0.21s           2026-08-13T12:53:28
/home/airflow/.local/lib/python3.8/site-packages/airflow/example_dags/example_time_delta_sensor_async.py                                                   1           0  0.20s           2026-08-13T12:53:28
/home/airflow/.local/lib/python3.8/site-packages/airflow/example_dags/example_local_kubernetes_executor.py                                                 1           0  0.22s           2026-08-13T12:53:34
/home/airflow/.local/lib/python3.8/site-packages/airflow/example_dags/example_dynamic_task_mapping.py                                                      1           0  0.17s           2026-08-13T12:53:33
/home/airflow/.local/lib/python3.8/site-packages/airflow/example_dags/example_branch_python_dop_operator_3.py                                              1           0  0.38s           2026-08-13T12:53:35
/home/airflow/.local/lib/python3.8/site-packages/airflow/example_dags/example_branch_labels.py                                                             1           0  0.51s           2026-08-13T12:53:41
/home/airflow/.local/lib/python3.8/site-packages/airflow/example_dags/example_branch_operator_decorator.py                                                 1           0  0.47s           2026-08-13T12:53:42
/home/airflow/.local/lib/python3.8/site-packages/airflow/example_dags/example_params_ui_tutorial.py                                                        1           0  0.44s           2026-08-13T12:53:42
/home/airflow/.local/lib/python3.8/site-packages/airflow/example_dags/example_branch_day_of_week_operator.py                                               1           0  0.31s           2026-08-13T12:53:42
/home/airflow/.local/lib/python3.8/site-packages/airflow/example_dags/tutorial_taskflow_api.py                                                             1           0  0.23s           2026-08-13T12:53:42
/home/airflow/.local/lib/python3.8/site-packages/airflow/example_dags/example_kubernetes_executor.py                                                       1           0  0.31s           2026-08-13T12:53:42
/home/airflow/.local/lib/python3.8/site-packages/airflow/example_dags/example_python_operator.py                                                           1           0  0.28s           2026-08-13T12:53:42
/home/airflow/.local/lib/python3.8/site-packages/airflow/example_dags/example_branch_operator.py                                                           1           0  0.25s           2026-08-13T12:53:43
/home/airflow/.local/lib/python3.8/site-packages/airflow/example_dags/example_setup_teardown_taskflow.py                                                   1           0  0.22s           2026-08-13T12:53:43
/home/airflow/.local/lib/python3.8/site-packages/airflow/example_dags/example_short_circuit_decorator.py                                                   1           0  0.16s           2026-08-13T12:53:43
/home/airflow/.local/lib/python3.8/site-packages/airflow/example_dags/example_short_circuit_operator.py                                                    1           0  0.18s           2026-08-13T12:53:43
/home/airflow/.local/lib/python3.8/site-packages/airflow/example_dags/tutorial_objectstorage.py                                                            1           0  0.13s           2026-08-13T12:53:43
/home/airflow/.local/lib/python3.8/site-packages/airflow/example_dags/example_external_task_marker_dag.py                                                  2           0  0.17s           2026-08-13T12:53:43
/home/airflow/.local/lib/python3.8/site-packages/airflow/example_dags/example_xcomargs.py                                                                  2           0  0.18s           2026-08-13T12:53:43
/home/airflow/.local/lib/python3.8/site-packages/airflow/example_dags/example_subdag_operator.py                                                           3           0  0.38s           2026-08-13T12:53:26
/home/airflow/.local/lib/python3.8/site-packages/airflow/example_dags/example_branch_datetime_operator.py                                                  3           0  0.42s           2026-08-13T12:53:36
/home/airflow/.local/lib/python3.8/site-packages/airflow/example_dags/example_datasets.py                                                                  6           0  0.23s           2026-08-13T12:53:43
================================================================================
[2026-08-13T12:54:17.578+0000] {manager.py:879} INFO - 
================================================================================
DAG File Processing Stats

File Path                                                                                                                           PID  Runtime      # DAGs    # Errors  Last Runtime    Last Run
--------------------------------------------------------------------------------------------------------------------------------  -----  ---------  --------  ----------  --------------  -------------------
/home/airflow/.local/lib/python3.8/site-packages/airflow/example_dags/subdags/subdag.py                                                                    0           0  0.09s           2026-08-13T12:54:14
/home/airflow/.local/lib/python3.8/site-packages/airflow/example_dags/plugins/event_listener.py                                                            0           0  0.08s           2026-08-13T12:54:14
/home/airflow/.local/lib/python3.8/site-packages/airflow/example_dags/plugins/listener_plugin.py                                                           0           0  0.10s           2026-08-13T12:54:14
/home/airflow/.local/lib/python3.8/site-packages/airflow/example_dags/plugins/workday.py                                                                   0           0  1.44s           2026-08-13T12:54:12
/home/airflow/.local/lib/python3.8/site-packages/airflow/example_dags/example_latest_only_with_trigger.py                                                  1           0  0.19s           2026-08-13T12:54:08
/home/airflow/.local/lib/python3.8/site-packages/airflow/example_dags/example_task_group.py                                                                1           0  0.18s           2026-08-13T12:54:09
/home/airflow/.local/lib/python3.8/site-packages/airflow/example_dags/example_params_trigger_ui.py                                                         1           0  0.22s           2026-08-13T12:54:11
/home/airflow/.local/lib/python3.8/site-packages/airflow/example_dags/tutorial_taskflow_api_virtualenv.py                                                  1           0  0.14s           2026-08-13T12:54:11
/home/airflow/.local/lib/python3.8/site-packages/airflow/example_dags/example_dynamic_task_mapping_with_no_taskflow_operators.py                           1           0  0.16s           2026-08-13T12:54:12
/home/airflow/.local/lib/python3.8/site-packages/airflow/example_dags/example_xcom.py                                                                      1           0  0.17s           2026-08-13T12:54:12
/home/airflow/.local/lib/python3.8/site-packages/airflow/example_dags/example_sla_dag.py                                           1020  0.04s             1           0  0.26s           2026-08-13T12:53:47
/home/airflow/.local/lib/python3.8/site-packages/airflow/example_dags/example_bash_operator.py                                     1021  0.02s             1           0  0.28s           2026-08-13T12:53:47
/home/airflow/.local/lib/python3.8/site-packages/airflow/example_dags/example_nested_branch_dag.py                                                         1           0  0.22s           2026-08-13T12:53:48
/home/airflow/.local/lib/python3.8/site-packages/airflow/example_dags/example_setup_teardown.py                                                            1           0  0.26s           2026-08-13T12:53:49
/home/airflow/.local/lib/python3.8/site-packages/airflow/example_dags/example_sensors.py                                                                   1           0  0.17s           2026-08-13T12:53:50
/home/airflow/.local/lib/python3.8/site-packages/airflow/example_dags/example_trigger_controller_dag.py                                                    1           0  0.39s           2026-08-13T12:53:52
/home/airflow/.local/lib/python3.8/site-packages/airflow/example_dags/example_python_decorator.py                                                          1           0  0.33s           2026-08-13T12:53:52
/home/airflow/.local/lib/python3.8/site-packages/airflow/example_dags/tutorial.py                                                                          1           0  0.32s           2026-08-13T12:53:55
/home/airflow/.local/lib/python3.8/site-packages/airflow/example_dags/example_passing_params_via_test_command.py                                           1           0  0.34s           2026-08-13T12:53:55
/home/airflow/.local/lib/python3.8/site-packages/airflow/example_dags/example_task_group_decorator.py                                                      1           0  0.47s           2026-08-13T12:53:55
/home/airflow/.local/lib/python3.8/site-packages/airflow/example_dags/example_trigger_target_dag.py                                                        1           0  0.32s           2026-08-13T12:53:55
/home/airflow/.local/lib/python3.8/site-packages/airflow/example_dags/example_sensor_decorator.py                                                          1           0  0.26s           2026-08-13T12:53:57
/home/airflow/.local/lib/python3.8/site-packages/airflow/example_dags/example_skip_dag.py                                                                  1           0  0.37s           2026-08-13T12:53:57
/home/airflow/.local/lib/python3.8/site-packages/airflow/example_dags/example_complex.py                                                                   1           0  0.21s           2026-08-13T12:53:59
/home/airflow/.local/lib/python3.8/site-packages/airflow/example_dags/example_dag_decorator.py                                                             1           0  0.58s           2026-08-13T12:54:11
/home/airflow/.local/lib/python3.8/site-packages/airflow/example_dags/example_latest_only.py                                                               1           0  0.20s           2026-08-13T12:53:59
/home/airflow/.local/lib/python3.8/site-packages/airflow/example_dags/tutorial_dag.py                                                                      1           0  0.15s           2026-08-13T12:53:59
/home/airflow/.local/lib/python3.8/site-packages/airflow/example_dags/example_time_delta_sensor_async.py                                                   1           0  0.18s           2026-08-13T12:53:59
/home/airflow/.local/lib/python3.8/site-packages/airflow/example_dags/example_local_kubernetes_executor.py                                                 1           0  0.22s           2026-08-13T12:54:04
/home/airflow/.local/lib/python3.8/site-packages/airflow/example_dags/example_dynamic_task_mapping.py                                                      1           0  0.19s           2026-08-13T12:54:04
/home/airflow/.local/lib/python3.8/site-packages/airflow/example_dags/example_branch_python_dop_operator_3.py                                              1           0  0.18s           2026-08-13T12:54:05
/home/airflow/.local/lib/python3.8/site-packages/airflow/example_dags/example_branch_labels.py                                                             1           0  0.17s           2026-08-13T12:54:12
/home/airflow/.local/lib/python3.8/site-packages/airflow/example_dags/example_branch_operator_decorator.py                                                 1           0  0.22s           2026-08-13T12:54:12
/home/airflow/.local/lib/python3.8/site-packages/airflow/example_dags/example_params_ui_tutorial.py                                                        1           0  0.25s           2026-08-13T12:54:12
/home/airflow/.local/lib/python3.8/site-packages/airflow/example_dags/example_branch_day_of_week_operator.py                                               1           0  0.21s           2026-08-13T12:54:13
/home/airflow/.local/lib/python3.8/site-packages/airflow/example_dags/tutorial_taskflow_api.py                                                             1           0  0.19s           2026-08-13T12:54:13
/home/airflow/.local/lib/python3.8/site-packages/airflow/example_dags/example_kubernetes_executor.py                                                       1           0  0.32s           2026-08-13T12:54:13
/home/airflow/.local/lib/python3.8/site-packages/airflow/example_dags/example_python_operator.py                                                           1           0  0.26s           2026-08-13T12:54:13
/home/airflow/.local/lib/python3.8/site-packages/airflow/example_dags/example_branch_operator.py                                                           1           0  0.22s           2026-08-13T12:54:13
/home/airflow/.local/lib/python3.8/site-packages/airflow/example_dags/example_setup_teardown_taskflow.py                                                   1           0  0.20s           2026-08-13T12:54:13
/home/airflow/.local/lib/python3.8/site-packages/airflow/example_dags/example_short_circuit_decorator.py                                                   1           0  0.21s           2026-08-13T12:54:14
/home/airflow/.local/lib/python3.8/site-packages/airflow/example_dags/example_short_circuit_operator.py                                                    1           0  0.25s           2026-08-13T12:54:14
/home/airflow/.local/lib/python3.8/site-packages/airflow/example_dags/tutorial_objectstorage.py                                                            1           0  0.20s           2026-08-13T12:54:14
/home/airflow/.local/lib/python3.8/site-packages/airflow/example_dags/example_external_task_marker_dag.py                                                  2           0  0.19s           2026-08-13T12:54:13
/home/airflow/.local/lib/python3.8/site-packages/airflow/example_dags/example_xcomargs.py                                                                  2           0  0.21s           2026-08-13T12:54:13
/home/airflow/.local/lib/python3.8/site-packages/airflow/example_dags/example_subdag_operator.py                                                           3           0  0.34s           2026-08-13T12:53:57
/home/airflow/.local/lib/python3.8/site-packages/airflow/example_dags/example_branch_datetime_operator.py                                                  3           0  0.21s           2026-08-13T12:54:07
/home/airflow/.local/lib/python3.8/site-packages/airflow/example_dags/example_datasets.py                                                                  6           0  0.34s           2026-08-13T12:54:14
================================================================================
[2026-08-13T12:54:47.814+0000] {manager.py:879} INFO - 
================================================================================
DAG File Processing Stats

File Path                                                                                                                           PID  Runtime      # DAGs    # Errors  Last Runtime    Last Run
--------------------------------------------------------------------------------------------------------------------------------  -----  ---------  --------  ----------  --------------  -------------------
/home/airflow/.local/lib/python3.8/site-packages/airflow/example_dags/subdags/subdag.py                                                                    0           0  0.11s           2026-08-13T12:54:45
/home/airflow/.local/lib/python3.8/site-packages/airflow/example_dags/plugins/event_listener.py                                                            0           0  0.09s           2026-08-13T12:54:45
/home/airflow/.local/lib/python3.8/site-packages/airflow/example_dags/plugins/listener_plugin.py                                                           0           0  0.09s           2026-08-13T12:54:45
/home/airflow/.local/lib/python3.8/site-packages/airflow/example_dags/plugins/workday.py                                                                   0           0  1.51s           2026-08-13T12:54:45
/home/airflow/.local/lib/python3.8/site-packages/airflow/example_dags/example_latest_only_with_trigger.py                                                  1           0  0.29s           2026-08-13T12:54:38
/home/airflow/.local/lib/python3.8/site-packages/airflow/example_dags/example_task_group.py                                                                1           0  0.16s           2026-08-13T12:54:39
/home/airflow/.local/lib/python3.8/site-packages/airflow/example_dags/example_params_trigger_ui.py                                                         1           0  0.21s           2026-08-13T12:54:41
/home/airflow/.local/lib/python3.8/site-packages/airflow/example_dags/tutorial_taskflow_api_virtualenv.py                                                  1           0  0.17s           2026-08-13T12:54:42
/home/airflow/.local/lib/python3.8/site-packages/airflow/example_dags/example_dynamic_task_mapping_with_no_taskflow_operators.py                           1           0  0.17s           2026-08-13T12:54:42
/home/airflow/.local/lib/python3.8/site-packages/airflow/example_dags/example_xcom.py                                                                      1           0  0.17s           2026-08-13T12:54:42
/home/airflow/.local/lib/python3.8/site-packages/airflow/example_dags/example_sla_dag.py                                           1075  0.02s             1           0  0.22s           2026-08-13T12:54:17
/home/airflow/.local/lib/python3.8/site-packages/airflow/example_dags/example_bash_operator.py                                     1076  0.01s             1           0  0.22s           2026-08-13T12:54:17
/home/airflow/.local/lib/python3.8/site-packages/airflow/example_dags/example_nested_branch_dag.py                                                         1           0  0.22s           2026-08-13T12:54:18
/home/airflow/.local/lib/python3.8/site-packages/airflow/example_dags/example_setup_teardown.py                                                            1           0  0.20s           2026-08-13T12:54:19
/home/airflow/.local/lib/python3.8/site-packages/airflow/example_dags/example_sensors.py                                                                   1           0  0.17s           2026-08-13T12:54:20
/home/airflow/.local/lib/python3.8/site-packages/airflow/example_dags/example_trigger_controller_dag.py                                                    1           0  0.20s           2026-08-13T12:54:23
/home/airflow/.local/lib/python3.8/site-packages/airflow/example_dags/example_python_decorator.py                                                          1           0  0.19s           2026-08-13T12:54:23
/home/airflow/.local/lib/python3.8/site-packages/airflow/example_dags/tutorial.py                                                                          1           0  0.34s           2026-08-13T12:54:26
/home/airflow/.local/lib/python3.8/site-packages/airflow/example_dags/example_passing_params_via_test_command.py                                           1           0  0.35s           2026-08-13T12:54:26
/home/airflow/.local/lib/python3.8/site-packages/airflow/example_dags/example_task_group_decorator.py                                                      1           0  0.35s           2026-08-13T12:54:26
/home/airflow/.local/lib/python3.8/site-packages/airflow/example_dags/example_trigger_target_dag.py                                                        1           0  0.38s           2026-08-13T12:54:27
/home/airflow/.local/lib/python3.8/site-packages/airflow/example_dags/example_sensor_decorator.py                                                          1           0  0.54s           2026-08-13T12:54:27
/home/airflow/.local/lib/python3.8/site-packages/airflow/example_dags/example_skip_dag.py                                                                  1           0  0.30s           2026-08-13T12:54:28
/home/airflow/.local/lib/python3.8/site-packages/airflow/example_dags/example_complex.py                                                                   1           0  0.35s           2026-08-13T12:54:30
/home/airflow/.local/lib/python3.8/site-packages/airflow/example_dags/example_dag_decorator.py                                                             1           0  0.50s           2026-08-13T12:54:43
/home/airflow/.local/lib/python3.8/site-packages/airflow/example_dags/example_latest_only.py                                                               1           0  0.36s           2026-08-13T12:54:30
/home/airflow/.local/lib/python3.8/site-packages/airflow/example_dags/tutorial_dag.py                                                                      1           0  0.23s           2026-08-13T12:54:30
/home/airflow/.local/lib/python3.8/site-packages/airflow/example_dags/example_time_delta_sensor_async.py                                                   1           0  0.22s           2026-08-13T12:54:30
/home/airflow/.local/lib/python3.8/site-packages/airflow/example_dags/example_local_kubernetes_executor.py                                                 1           0  0.38s           2026-08-13T12:54:35
/home/airflow/.local/lib/python3.8/site-packages/airflow/example_dags/example_dynamic_task_mapping.py                                                      1           0  0.32s           2026-08-13T12:54:35
/home/airflow/.local/lib/python3.8/site-packages/airflow/example_dags/example_branch_python_dop_operator_3.py                                              1           0  0.54s           2026-08-13T12:54:36
/home/airflow/.local/lib/python3.8/site-packages/airflow/example_dags/example_branch_labels.py                                                             1           0  0.19s           2026-08-13T12:54:43
/home/airflow/.local/lib/python3.8/site-packages/airflow/example_dags/example_branch_operator_decorator.py                                                 1           0  0.19s           2026-08-13T12:54:43
/home/airflow/.local/lib/python3.8/site-packages/airflow/example_dags/example_params_ui_tutorial.py                                                        1           0  0.22s           2026-08-13T12:54:43
/home/airflow/.local/lib/python3.8/site-packages/airflow/example_dags/example_branch_day_of_week_operator.py                                               1           0  0.18s           2026-08-13T12:54:43
/home/airflow/.local/lib/python3.8/site-packages/airflow/example_dags/tutorial_taskflow_api.py                                                             1           0  0.16s           2026-08-13T12:54:43
/home/airflow/.local/lib/python3.8/site-packages/airflow/example_dags/example_kubernetes_executor.py                                                       1           0  0.22s           2026-08-13T12:54:44
/home/airflow/.local/lib/python3.8/site-packages/airflow/example_dags/example_python_operator.py                                                           1           0  0.19s           2026-08-13T12:54:44
/home/airflow/.local/lib/python3.8/site-packages/airflow/example_dags/example_branch_operator.py                                                           1           0  0.22s           2026-08-13T12:54:44
/home/airflow/.local/lib/python3.8/site-packages/airflow/example_dags/example_setup_teardown_taskflow.py                                                   1           0  0.16s           2026-08-13T12:54:44
/home/airflow/.local/lib/python3.8/site-packages/airflow/example_dags/example_short_circuit_decorator.py                                                   1           0  0.25s           2026-08-13T12:54:45
/home/airflow/.local/lib/python3.8/site-packages/airflow/example_dags/example_short_circuit_operator.py                                                    1           0  0.18s           2026-08-13T12:54:45
/home/airflow/.local/lib/python3.8/site-packages/airflow/example_dags/tutorial_objectstorage.py                                                            1           0  0.15s           2026-08-13T12:54:45
/home/airflow/.local/lib/python3.8/site-packages/airflow/example_dags/example_external_task_marker_dag.py                                                  2           0  0.19s           2026-08-13T12:54:43
/home/airflow/.local/lib/python3.8/site-packages/airflow/example_dags/example_xcomargs.py                                                                  2           0  0.17s           2026-08-13T12:54:44
/home/airflow/.local/lib/python3.8/site-packages/airflow/example_dags/example_subdag_operator.py                                                           3           0  0.61s           2026-08-13T12:54:28
/home/airflow/.local/lib/python3.8/site-packages/airflow/example_dags/example_branch_datetime_operator.py                                                  3           0  0.30s           2026-08-13T12:54:37
/home/airflow/.local/lib/python3.8/site-packages/airflow/example_dags/example_datasets.py                                                                  6           0  0.23s           2026-08-13T12:54:45
================================================================================
[2026-08-13T12:55:10.412+0000] {manager.py:738} INFO - Searching for files in /opt/airflow/dags
[2026-08-13T12:55:10.467+0000] {manager.py:741} INFO - There are 48 files in /opt/airflow/dags
[2026-08-13T12:55:18.320+0000] {manager.py:879} INFO - 
================================================================================
DAG File Processing Stats

File Path                                                                                                                           PID  Runtime      # DAGs    # Errors  Last Runtime    Last Run
--------------------------------------------------------------------------------------------------------------------------------  -----  ---------  --------  ----------  --------------  -------------------
/home/airflow/.local/lib/python3.8/site-packages/airflow/example_dags/subdags/subdag.py                                                                    0           0  0.07s           2026-08-13T12:55:16
/home/airflow/.local/lib/python3.8/site-packages/airflow/example_dags/plugins/event_listener.py                                                            0           0  0.08s           2026-08-13T12:55:16
/home/airflow/.local/lib/python3.8/site-packages/airflow/example_dags/plugins/listener_plugin.py                                                           0           0  0.06s           2026-08-13T12:55:16
/home/airflow/.local/lib/python3.8/site-packages/airflow/example_dags/plugins/workday.py                                                                   0           0  1.02s           2026-08-13T12:55:16
/home/airflow/.local/lib/python3.8/site-packages/airflow/example_dags/example_latest_only_with_trigger.py                                                  1           0  0.28s           2026-08-13T12:55:09
/home/airflow/.local/lib/python3.8/site-packages/airflow/example_dags/example_task_group.py                                                                1           0  0.18s           2026-08-13T12:55:10
/home/airflow/.local/lib/python3.8/site-packages/airflow/example_dags/example_params_trigger_ui.py                                                         1           0  0.27s           2026-08-13T12:55:11
/home/airflow/.local/lib/python3.8/site-packages/airflow/example_dags/tutorial_taskflow_api_virtualenv.py                                                  1           0  0.47s           2026-08-13T12:55:13
/home/airflow/.local/lib/python3.8/site-packages/airflow/example_dags/example_dynamic_task_mapping_with_no_taskflow_operators.py                           1           0  0.48s           2026-08-13T12:55:13
/home/airflow/.local/lib/python3.8/site-packages/airflow/example_dags/example_xcom.py                                                                      1           0  0.26s           2026-08-13T12:55:13
/home/airflow/.local/lib/python3.8/site-packages/airflow/example_dags/example_sla_dag.py                                           1130  0.03s             1           0  0.23s           2026-08-13T12:54:48
/home/airflow/.local/lib/python3.8/site-packages/airflow/example_dags/example_bash_operator.py                                     1131  0.01s             1           0  0.23s           2026-08-13T12:54:48
/home/airflow/.local/lib/python3.8/site-packages/airflow/example_dags/example_nested_branch_dag.py                                                         1           0  0.23s           2026-08-13T12:54:49
/home/airflow/.local/lib/python3.8/site-packages/airflow/example_dags/example_setup_teardown.py                                                            1           0  0.20s           2026-08-13T12:54:50
/home/airflow/.local/lib/python3.8/site-packages/airflow/example_dags/example_sensors.py                                                                   1           0  0.24s           2026-08-13T12:54:51
/home/airflow/.local/lib/python3.8/site-packages/airflow/example_dags/example_trigger_controller_dag.py                                                    1           0  0.17s           2026-08-13T12:54:53
/home/airflow/.local/lib/python3.8/site-packages/airflow/example_dags/example_python_decorator.py                                                          1           0  0.16s           2026-08-13T12:54:53
/home/airflow/.local/lib/python3.8/site-packages/airflow/example_dags/tutorial.py                                                                          1           0  0.21s           2026-08-13T12:54:57
/home/airflow/.local/lib/python3.8/site-packages/airflow/example_dags/example_passing_params_via_test_command.py                                           1           0  0.21s           2026-08-13T12:54:57
/home/airflow/.local/lib/python3.8/site-packages/airflow/example_dags/example_task_group_decorator.py                                                      1           0  0.17s           2026-08-13T12:54:57
/home/airflow/.local/lib/python3.8/site-packages/airflow/example_dags/example_trigger_target_dag.py                                                        1           0  0.14s           2026-08-13T12:54:58
/home/airflow/.local/lib/python3.8/site-packages/airflow/example_dags/example_sensor_decorator.py                                                          1           0  0.15s           2026-08-13T12:54:58
/home/airflow/.local/lib/python3.8/site-packages/airflow/example_dags/example_skip_dag.py                                                                  1           0  0.16s           2026-08-13T12:54:58
/home/airflow/.local/lib/python3.8/site-packages/airflow/example_dags/example_complex.py                                                                   1           0  0.21s           2026-08-13T12:55:00
/home/airflow/.local/lib/python3.8/site-packages/airflow/example_dags/example_dag_decorator.py                                                             1           0  0.52s           2026-08-13T12:55:14
/home/airflow/.local/lib/python3.8/site-packages/airflow/example_dags/example_latest_only.py                                                               1           0  0.23s           2026-08-13T12:55:00
/home/airflow/.local/lib/python3.8/site-packages/airflow/example_dags/tutorial_dag.py                                                                      1           0  0.20s           2026-08-13T12:55:00
/home/airflow/.local/lib/python3.8/site-packages/airflow/example_dags/example_time_delta_sensor_async.py                                                   1           0  0.25s           2026-08-13T12:55:01
/home/airflow/.local/lib/python3.8/site-packages/airflow/example_dags/example_local_kubernetes_executor.py                                                 1           0  0.22s           2026-08-13T12:55:06
/home/airflow/.local/lib/python3.8/site-packages/airflow/example_dags/example_dynamic_task_mapping.py                                                      1           0  0.18s           2026-08-13T12:55:06
/home/airflow/.local/lib/python3.8/site-packages/airflow/example_dags/example_branch_python_dop_operator_3.py                                              1           0  0.27s           2026-08-13T12:55:07
/home/airflow/.local/lib/python3.8/site-packages/airflow/example_dags/example_branch_labels.py                                                             1           0  0.17s           2026-08-13T12:55:13
/home/airflow/.local/lib/python3.8/site-packages/airflow/example_dags/example_branch_operator_decorator.py                                                 1           0  0.19s           2026-08-13T12:55:14
/home/airflow/.local/lib/python3.8/site-packages/airflow/example_dags/example_params_ui_tutorial.py                                                        1           0  0.27s           2026-08-13T12:55:14
/home/airflow/.local/lib/python3.8/site-packages/airflow/example_dags/example_branch_day_of_week_operator.py                                               1           0  0.18s           2026-08-13T12:55:14
/home/airflow/.local/lib/python3.8/site-packages/airflow/example_dags/tutorial_taskflow_api.py                                                             1           0  0.14s           2026-08-13T12:55:14
/home/airflow/.local/lib/python3.8/site-packages/airflow/example_dags/example_kubernetes_executor.py                                                       1           0  0.18s           2026-08-13T12:55:14
/home/airflow/.local/lib/python3.8/site-packages/airflow/example_dags/example_python_operator.py                                                           1           0  0.15s           2026-08-13T12:55:14
/home/airflow/.local/lib/python3.8/site-packages/airflow/example_dags/example_branch_operator.py                                                           1           0  0.19s           2026-08-13T12:55:14
/home/airflow/.local/lib/python3.8/site-packages/airflow/example_dags/example_setup_teardown_taskflow.py                                                   1           0  0.17s           2026-08-13T12:55:15
/home/airflow/.local/lib/python3.8/site-packages/airflow/example_dags/example_short_circuit_decorator.py                                                   1           0  0.17s           2026-08-13T12:55:15
/home/airflow/.local/lib/python3.8/site-packages/airflow/example_dags/example_short_circuit_operator.py                                                    1           0  0.15s           2026-08-13T12:55:15
/home/airflow/.local/lib/python3.8/site-packages/airflow/example_dags/tutorial_objectstorage.py                                                            1           0  0.12s           2026-08-13T12:55:16
/home/airflow/.local/lib/python3.8/site-packages/airflow/example_dags/example_external_task_marker_dag.py                                                  2           0  0.14s           2026-08-13T12:55:14
/home/airflow/.local/lib/python3.8/site-packages/airflow/example_dags/example_xcomargs.py                                                                  2           0  0.16s           2026-08-13T12:55:15
/home/airflow/.local/lib/python3.8/site-packages/airflow/example_dags/example_subdag_operator.py                                                           3           0  0.18s           2026-08-13T12:54:58
/home/airflow/.local/lib/python3.8/site-packages/airflow/example_dags/example_branch_datetime_operator.py                                                  3           0  0.19s           2026-08-13T12:55:08
/home/airflow/.local/lib/python3.8/site-packages/airflow/example_dags/example_datasets.py                                                                  6           0  0.23s           2026-08-13T12:55:15
================================================================================
[2026-08-13T12:55:49.125+0000] {manager.py:879} INFO - 
================================================================================
DAG File Processing Stats

File Path                                                                                                                           PID  Runtime      # DAGs    # Errors  Last Runtime    Last Run
--------------------------------------------------------------------------------------------------------------------------------  -----  ---------  --------  ----------  --------------  -------------------
/home/airflow/.local/lib/python3.8/site-packages/airflow/example_dags/subdags/subdag.py                                                                    0           0  0.09s           2026-08-13T12:55:47
/home/airflow/.local/lib/python3.8/site-packages/airflow/example_dags/plugins/event_listener.py                                                            0           0  0.08s           2026-08-13T12:55:47
/home/airflow/.local/lib/python3.8/site-packages/airflow/example_dags/plugins/listener_plugin.py                                                           0           0  0.11s           2026-08-13T12:55:47
/home/airflow/.local/lib/python3.8/site-packages/airflow/example_dags/plugins/workday.py                                                                   0           0  0.82s           2026-08-13T12:55:48
/home/airflow/.local/lib/python3.8/site-packages/airflow/example_dags/example_latest_only_with_trigger.py                                                  1           0  0.23s           2026-08-13T12:55:39
/home/airflow/.local/lib/python3.8/site-packages/airflow/example_dags/example_task_group.py                                                                1           0  0.17s           2026-08-13T12:55:40
/home/airflow/.local/lib/python3.8/site-packages/airflow/example_dags/example_params_trigger_ui.py                                                         1           0  0.23s           2026-08-13T12:55:42
/home/airflow/.local/lib/python3.8/site-packages/airflow/example_dags/tutorial_taskflow_api_virtualenv.py                                                  1           0  0.19s           2026-08-13T12:55:44
/home/airflow/.local/lib/python3.8/site-packages/airflow/example_dags/example_dynamic_task_mapping_with_no_taskflow_operators.py                           1           0  0.20s           2026-08-13T12:55:44
/home/airflow/.local/lib/python3.8/site-packages/airflow/example_dags/example_xcom.py                                                                      1           0  0.24s           2026-08-13T12:55:44
/home/airflow/.local/lib/python3.8/site-packages/airflow/example_dags/example_sla_dag.py                                           1185  0.03s             1           0  0.22s           2026-08-13T12:55:18
/home/airflow/.local/lib/python3.8/site-packages/airflow/example_dags/example_bash_operator.py                                     1186  0.01s             1           0  0.21s           2026-08-13T12:55:18
/home/airflow/.local/lib/python3.8/site-packages/airflow/example_dags/example_nested_branch_dag.py                                                         1           0  0.25s           2026-08-13T12:55:19
/home/airflow/.local/lib/python3.8/site-packages/airflow/example_dags/example_setup_teardown.py                                                            1           0  0.20s           2026-08-13T12:55:20
/home/airflow/.local/lib/python3.8/site-packages/airflow/example_dags/example_sensors.py                                                                   1           0  0.17s           2026-08-13T12:55:21
/home/airflow/.local/lib/python3.8/site-packages/airflow/example_dags/example_trigger_controller_dag.py                                                    1           0  0.20s           2026-08-13T12:55:23
/home/airflow/.local/lib/python3.8/site-packages/airflow/example_dags/example_python_decorator.py                                                          1           0  0.19s           2026-08-13T12:55:23
/home/airflow/.local/lib/python3.8/site-packages/airflow/example_dags/tutorial.py                                                                          1           0  0.33s           2026-08-13T12:55:28
/home/airflow/.local/lib/python3.8/site-packages/airflow/example_dags/example_passing_params_via_test_command.py                                           1           0  0.33s           2026-08-13T12:55:28
/home/airflow/.local/lib/python3.8/site-packages/airflow/example_dags/example_task_group_decorator.py                                                      1           0  0.22s           2026-08-13T12:55:28
/home/airflow/.local/lib/python3.8/site-packages/airflow/example_dags/example_trigger_target_dag.py                                                        1           0  0.16s           2026-08-13T12:55:28
/home/airflow/.local/lib/python3.8/site-packages/airflow/example_dags/example_sensor_decorator.py                                                          1           0  0.15s           2026-08-13T12:55:28
/home/airflow/.local/lib/python3.8/site-packages/airflow/example_dags/example_skip_dag.py                                                                  1           0  0.18s           2026-08-13T12:55:28
/home/airflow/.local/lib/python3.8/site-packages/airflow/example_dags/example_complex.py                                                                   1           0  0.21s           2026-08-13T12:55:31
/home/airflow/.local/lib/python3.8/site-packages/airflow/example_dags/example_dag_decorator.py                                                             1           0  0.73s           2026-08-13T12:55:45
/home/airflow/.local/lib/python3.8/site-packages/airflow/example_dags/example_latest_only.py                                                               1           0  0.18s           2026-08-13T12:55:31
/home/airflow/.local/lib/python3.8/site-packages/airflow/example_dags/tutorial_dag.py                                                                      1           0  0.15s           2026-08-13T12:55:31
/home/airflow/.local/lib/python3.8/site-packages/airflow/example_dags/example_time_delta_sensor_async.py                                                   1           0  0.17s           2026-08-13T12:55:31
/home/airflow/.local/lib/python3.8/site-packages/airflow/example_dags/example_local_kubernetes_executor.py                                                 1           0  0.20s           2026-08-13T12:55:36
/home/airflow/.local/lib/python3.8/site-packages/airflow/example_dags/example_dynamic_task_mapping.py                                                      1           0  0.17s           2026-08-13T12:55:36
/home/airflow/.local/lib/python3.8/site-packages/airflow/example_dags/example_branch_python_dop_operator_3.py                                              1           0  0.20s           2026-08-13T12:55:37
/home/airflow/.local/lib/python3.8/site-packages/airflow/example_dags/example_branch_labels.py                                                             1           0  0.23s           2026-08-13T12:55:44
/home/airflow/.local/lib/python3.8/site-packages/airflow/example_dags/example_branch_operator_decorator.py                                                 1           0  0.22s           2026-08-13T12:55:45
/home/airflow/.local/lib/python3.8/site-packages/airflow/example_dags/example_params_ui_tutorial.py                                                        1           0  0.24s           2026-08-13T12:55:45
/home/airflow/.local/lib/python3.8/site-packages/airflow/example_dags/example_branch_day_of_week_operator.py                                               1           0  0.21s           2026-08-13T12:55:45
/home/airflow/.local/lib/python3.8/site-packages/airflow/example_dags/tutorial_taskflow_api.py                                                             1           0  0.20s           2026-08-13T12:55:45
/home/airflow/.local/lib/python3.8/site-packages/airflow/example_dags/example_kubernetes_executor.py                                                       1           0  0.23s           2026-08-13T12:55:46
/home/airflow/.local/lib/python3.8/site-packages/airflow/example_dags/example_python_operator.py                                                           1           0  0.19s           2026-08-13T12:55:46
/home/airflow/.local/lib/python3.8/site-packages/airflow/example_dags/example_branch_operator.py                                                           1           0  0.21s           2026-08-13T12:55:46
/home/airflow/.local/lib/python3.8/site-packages/airflow/example_dags/example_setup_teardown_taskflow.py                                                   1           0  0.22s           2026-08-13T12:55:46
/home/airflow/.local/lib/python3.8/site-packages/airflow/example_dags/example_short_circuit_decorator.py                                                   1           0  0.22s           2026-08-13T12:55:46
/home/airflow/.local/lib/python3.8/site-packages/airflow/example_dags/example_short_circuit_operator.py                                                    1           0  0.20s           2026-08-13T12:55:46
/home/airflow/.local/lib/python3.8/site-packages/airflow/example_dags/tutorial_objectstorage.py                                                            1           0  0.18s           2026-08-13T12:55:47
/home/airflow/.local/lib/python3.8/site-packages/airflow/example_dags/example_external_task_marker_dag.py                                                  2           0  0.22s           2026-08-13T12:55:45
/home/airflow/.local/lib/python3.8/site-packages/airflow/example_dags/example_xcomargs.py                                                                  2           0  0.19s           2026-08-13T12:55:46
/home/airflow/.local/lib/python3.8/site-packages/airflow/example_dags/example_subdag_operator.py                                                           3           0  0.23s           2026-08-13T12:55:28
/home/airflow/.local/lib/python3.8/site-packages/airflow/example_dags/example_branch_datetime_operator.py                                                  3           0  0.21s           2026-08-13T12:55:38
/home/airflow/.local/lib/python3.8/site-packages/airflow/example_dags/example_datasets.py                                                                  6           0  0.23s           2026-08-13T12:55:46
================================================================================
[2026-08-13T12:56:19.149+0000] {manager.py:879} INFO - 
================================================================================
DAG File Processing Stats

File Path                                                                                                                         PID    Runtime      # DAGs    # Errors  Last Runtime    Last Run
--------------------------------------------------------------------------------------------------------------------------------  -----  ---------  --------  ----------  --------------  -------------------
/home/airflow/.local/lib/python3.8/site-packages/airflow/example_dags/subdags/subdag.py                                                                    0           0  0.07s           2026-08-13T12:56:17
/home/airflow/.local/lib/python3.8/site-packages/airflow/example_dags/plugins/event_listener.py                                                            0           0  0.08s           2026-08-13T12:56:18
/home/airflow/.local/lib/python3.8/site-packages/airflow/example_dags/plugins/listener_plugin.py                                                           0           0  0.09s           2026-08-13T12:56:18
/home/airflow/.local/lib/python3.8/site-packages/airflow/example_dags/plugins/workday.py                                                                   0           0  0.86s           2026-08-13T12:56:18
/home/airflow/.local/lib/python3.8/site-packages/airflow/example_dags/example_latest_only_with_trigger.py                                                  1           0  0.22s           2026-08-13T12:56:10
/home/airflow/.local/lib/python3.8/site-packages/airflow/example_dags/example_task_group.py                                                                1           0  0.17s           2026-08-13T12:56:11
/home/airflow/.local/lib/python3.8/site-packages/airflow/example_dags/example_params_trigger_ui.py                                                         1           0  0.29s           2026-08-13T12:56:13
/home/airflow/.local/lib/python3.8/site-packages/airflow/example_dags/tutorial_taskflow_api_virtualenv.py                                                  1           0  0.17s           2026-08-13T12:56:14
/home/airflow/.local/lib/python3.8/site-packages/airflow/example_dags/example_dynamic_task_mapping_with_no_taskflow_operators.py                           1           0  0.18s           2026-08-13T12:56:14
/home/airflow/.local/lib/python3.8/site-packages/airflow/example_dags/example_xcom.py                                                                      1           0  0.25s           2026-08-13T12:56:15
/home/airflow/.local/lib/python3.8/site-packages/airflow/example_dags/example_sla_dag.py                                                                   1           0  0.25s           2026-08-13T12:55:49
/home/airflow/.local/lib/python3.8/site-packages/airflow/example_dags/example_bash_operator.py                                                             1           0  0.26s           2026-08-13T12:55:49
/home/airflow/.local/lib/python3.8/site-packages/airflow/example_dags/example_nested_branch_dag.py                                                         1           0  0.19s           2026-08-13T12:55:50
/home/airflow/.local/lib/python3.8/site-packages/airflow/example_dags/example_setup_teardown.py                                                            1           0  0.16s           2026-08-13T12:55:51
/home/airflow/.local/lib/python3.8/site-packages/airflow/example_dags/example_sensors.py                                                                   1           0  0.21s           2026-08-13T12:55:52
/home/airflow/.local/lib/python3.8/site-packages/airflow/example_dags/example_trigger_controller_dag.py                                                    1           0  0.22s           2026-08-13T12:55:54
/home/airflow/.local/lib/python3.8/site-packages/airflow/example_dags/example_python_decorator.py                                                          1           0  0.20s           2026-08-13T12:55:54
/home/airflow/.local/lib/python3.8/site-packages/airflow/example_dags/tutorial.py                                                                          1           0  0.16s           2026-08-13T12:55:58
/home/airflow/.local/lib/python3.8/site-packages/airflow/example_dags/example_passing_params_via_test_command.py                                           1           0  0.18s           2026-08-13T12:55:59
/home/airflow/.local/lib/python3.8/site-packages/airflow/example_dags/example_task_group_decorator.py                                                      1           0  0.19s           2026-08-13T12:55:59
/home/airflow/.local/lib/python3.8/site-packages/airflow/example_dags/example_trigger_target_dag.py                                                        1           0  0.17s           2026-08-13T12:55:59
/home/airflow/.local/lib/python3.8/site-packages/airflow/example_dags/example_sensor_decorator.py                                                          1           0  0.15s           2026-08-13T12:55:59
/home/airflow/.local/lib/python3.8/site-packages/airflow/example_dags/example_skip_dag.py                                                                  1           0  0.17s           2026-08-13T12:55:59
/home/airflow/.local/lib/python3.8/site-packages/airflow/example_dags/example_complex.py                                                                   1           0  0.22s           2026-08-13T12:56:01
/home/airflow/.local/lib/python3.8/site-packages/airflow/example_dags/example_dag_decorator.py                                                             1           0  0.53s           2026-08-13T12:56:16
/home/airflow/.local/lib/python3.8/site-packages/airflow/example_dags/example_latest_only.py                                                               1           0  0.19s           2026-08-13T12:56:01
/home/airflow/.local/lib/python3.8/site-packages/airflow/example_dags/tutorial_dag.py                                                                      1           0  0.19s           2026-08-13T12:56:01
/home/airflow/.local/lib/python3.8/site-packages/airflow/example_dags/example_time_delta_sensor_async.py                                                   1           0  0.21s           2026-08-13T12:56:02
/home/airflow/.local/lib/python3.8/site-packages/airflow/example_dags/example_local_kubernetes_executor.py                                                 1           0  0.20s           2026-08-13T12:56:07
/home/airflow/.local/lib/python3.8/site-packages/airflow/example_dags/example_dynamic_task_mapping.py                                                      1           0  0.18s           2026-08-13T12:56:07
/home/airflow/.local/lib/python3.8/site-packages/airflow/example_dags/example_branch_python_dop_operator_3.py                                              1           0  0.17s           2026-08-13T12:56:08
/home/airflow/.local/lib/python3.8/site-packages/airflow/example_dags/example_branch_labels.py                                                             1           0  0.23s           2026-08-13T12:56:15
/home/airflow/.local/lib/python3.8/site-packages/airflow/example_dags/example_branch_operator_decorator.py                                                 1           0  0.22s           2026-08-13T12:56:16
/home/airflow/.local/lib/python3.8/site-packages/airflow/example_dags/example_params_ui_tutorial.py                                                        1           0  0.28s           2026-08-13T12:56:16
/home/airflow/.local/lib/python3.8/site-packages/airflow/example_dags/example_branch_day_of_week_operator.py                                               1           0  0.21s           2026-08-13T12:56:16
/home/airflow/.local/lib/python3.8/site-packages/airflow/example_dags/tutorial_taskflow_api.py                                                             1           0  0.16s           2026-08-13T12:56:16
/home/airflow/.local/lib/python3.8/site-packages/airflow/example_dags/example_kubernetes_executor.py                                                       1           0  0.19s           2026-08-13T12:56:17
/home/airflow/.local/lib/python3.8/site-packages/airflow/example_dags/example_python_operator.py                                                           1           0  0.17s           2026-08-13T12:56:17
/home/airflow/.local/lib/python3.8/site-packages/airflow/example_dags/example_branch_operator.py                                                           1           0  0.24s           2026-08-13T12:56:17
/home/airflow/.local/lib/python3.8/site-packages/airflow/example_dags/example_setup_teardown_taskflow.py                                                   1           0  0.22s           2026-08-13T12:56:17
/home/airflow/.local/lib/python3.8/site-packages/airflow/example_dags/example_short_circuit_decorator.py                                                   1           0  0.21s           2026-08-13T12:56:17
/home/airflow/.local/lib/python3.8/site-packages/airflow/example_dags/example_short_circuit_operator.py                                                    1           0  0.18s           2026-08-13T12:56:17
/home/airflow/.local/lib/python3.8/site-packages/airflow/example_dags/tutorial_objectstorage.py                                                            1           0  0.15s           2026-08-13T12:56:18
/home/airflow/.local/lib/python3.8/site-packages/airflow/example_dags/example_external_task_marker_dag.py                                                  2           0  0.21s           2026-08-13T12:56:16
/home/airflow/.local/lib/python3.8/site-packages/airflow/example_dags/example_xcomargs.py                                                                  2           0  0.22s           2026-08-13T12:56:17
/home/airflow/.local/lib/python3.8/site-packages/airflow/example_dags/example_subdag_operator.py                                                           3           0  0.18s           2026-08-13T12:55:59
/home/airflow/.local/lib/python3.8/site-packages/airflow/example_dags/example_branch_datetime_operator.py                                                  3           0  0.18s           2026-08-13T12:56:09
/home/airflow/.local/lib/python3.8/site-packages/airflow/example_dags/example_datasets.py                                                                  6           0  0.31s           2026-08-13T12:56:17
================================================================================
[2026-08-13T12:56:49.440+0000] {manager.py:879} INFO - 
================================================================================
DAG File Processing Stats

File Path                                                                                                                           PID  Runtime      # DAGs    # Errors  Last Runtime    Last Run
--------------------------------------------------------------------------------------------------------------------------------  -----  ---------  --------  ----------  --------------  -------------------
/home/airflow/.local/lib/python3.8/site-packages/airflow/example_dags/subdags/subdag.py                                                                    0           0  0.08s           2026-08-13T12:56:48
/home/airflow/.local/lib/python3.8/site-packages/airflow/example_dags/plugins/event_listener.py                                                            0           0  0.08s           2026-08-13T12:56:48
/home/airflow/.local/lib/python3.8/site-packages/airflow/example_dags/plugins/listener_plugin.py                                                           0           0  0.07s           2026-08-13T12:56:48
/home/airflow/.local/lib/python3.8/site-packages/airflow/example_dags/plugins/workday.py                                           1293  0.01s             0           0  0.86s           2026-08-13T12:56:18
/home/airflow/.local/lib/python3.8/site-packages/airflow/example_dags/example_latest_only_with_trigger.py                                                  1           0  0.17s           2026-08-13T12:56:40
/home/airflow/.local/lib/python3.8/site-packages/airflow/example_dags/example_task_group.py                                                                1           0  0.29s           2026-08-13T12:56:42
/home/airflow/.local/lib/python3.8/site-packages/airflow/example_dags/example_params_trigger_ui.py                                                         1           0  0.21s           2026-08-13T12:56:44
/home/airflow/.local/lib/python3.8/site-packages/airflow/example_dags/tutorial_taskflow_api_virtualenv.py                                                  1           0  0.15s           2026-08-13T12:56:45
/home/airflow/.local/lib/python3.8/site-packages/airflow/example_dags/example_dynamic_task_mapping_with_no_taskflow_operators.py                           1           0  0.16s           2026-08-13T12:56:45
/home/airflow/.local/lib/python3.8/site-packages/airflow/example_dags/example_xcom.py                                                                      1           0  0.19s           2026-08-13T12:56:45
/home/airflow/.local/lib/python3.8/site-packages/airflow/example_dags/example_sla_dag.py                                                                   1           0  0.24s           2026-08-13T12:56:20
/home/airflow/.local/lib/python3.8/site-packages/airflow/example_dags/example_bash_operator.py                                                             1           0  0.25s           2026-08-13T12:56:20
/home/airflow/.local/lib/python3.8/site-packages/airflow/example_dags/example_nested_branch_dag.py                                                         1           0  0.31s           2026-08-13T12:56:21
/home/airflow/.local/lib/python3.8/site-packages/airflow/example_dags/example_setup_teardown.py                                                            1           0  0.24s           2026-08-13T12:56:21
/home/airflow/.local/lib/python3.8/site-packages/airflow/example_dags/example_sensors.py                                                                   1           0  0.21s           2026-08-13T12:56:23
/home/airflow/.local/lib/python3.8/site-packages/airflow/example_dags/example_trigger_controller_dag.py                                                    1           0  0.17s           2026-08-13T12:56:25
/home/airflow/.local/lib/python3.8/site-packages/airflow/example_dags/example_python_decorator.py                                                          1           0  0.17s           2026-08-13T12:56:25
/home/airflow/.local/lib/python3.8/site-packages/airflow/example_dags/tutorial.py                                                                          1           0  0.23s           2026-08-13T12:56:29
/home/airflow/.local/lib/python3.8/site-packages/airflow/example_dags/example_passing_params_via_test_command.py                                           1           0  0.23s           2026-08-13T12:56:29
/home/airflow/.local/lib/python3.8/site-packages/airflow/example_dags/example_task_group_decorator.py                                                      1           0  0.20s           2026-08-13T12:56:29
/home/airflow/.local/lib/python3.8/site-packages/airflow/example_dags/example_trigger_target_dag.py                                                        1           0  0.14s           2026-08-13T12:56:29
/home/airflow/.local/lib/python3.8/site-packages/airflow/example_dags/example_sensor_decorator.py                                                          1           0  0.14s           2026-08-13T12:56:29
/home/airflow/.local/lib/python3.8/site-packages/airflow/example_dags/example_skip_dag.py                                                                  1           0  0.13s           2026-08-13T12:56:29
/home/airflow/.local/lib/python3.8/site-packages/airflow/example_dags/example_complex.py                                                                   1           0  0.19s           2026-08-13T12:56:32
/home/airflow/.local/lib/python3.8/site-packages/airflow/example_dags/example_dag_decorator.py                                                             1           0  0.39s           2026-08-13T12:56:47
/home/airflow/.local/lib/python3.8/site-packages/airflow/example_dags/example_latest_only.py                                                               1           0  0.19s           2026-08-13T12:56:32
/home/airflow/.local/lib/python3.8/site-packages/airflow/example_dags/tutorial_dag.py                                                                      1           0  0.17s           2026-08-13T12:56:32
/home/airflow/.local/lib/python3.8/site-packages/airflow/example_dags/example_time_delta_sensor_async.py                                                   1           0  0.19s           2026-08-13T12:56:32
/home/airflow/.local/lib/python3.8/site-packages/airflow/example_dags/example_local_kubernetes_executor.py                                                 1           0  0.28s           2026-08-13T12:56:37
/home/airflow/.local/lib/python3.8/site-packages/airflow/example_dags/example_dynamic_task_mapping.py                                                      1           0  0.25s           2026-08-13T12:56:37
/home/airflow/.local/lib/python3.8/site-packages/airflow/example_dags/example_branch_python_dop_operator_3.py                                              1           0  0.23s           2026-08-13T12:56:38
/home/airflow/.local/lib/python3.8/site-packages/airflow/example_dags/example_branch_labels.py                                                             1           0  0.18s           2026-08-13T12:56:45
/home/airflow/.local/lib/python3.8/site-packages/airflow/example_dags/example_branch_operator_decorator.py                                                 1           0  0.19s           2026-08-13T12:56:46
/home/airflow/.local/lib/python3.8/site-packages/airflow/example_dags/example_params_ui_tutorial.py                                                        1           0  0.23s           2026-08-13T12:56:47
/home/airflow/.local/lib/python3.8/site-packages/airflow/example_dags/example_branch_day_of_week_operator.py                                               1           0  0.15s           2026-08-13T12:56:47
/home/airflow/.local/lib/python3.8/site-packages/airflow/example_dags/tutorial_taskflow_api.py                                                             1           0  0.16s           2026-08-13T12:56:47
/home/airflow/.local/lib/python3.8/site-packages/airflow/example_dags/example_kubernetes_executor.py                                                       1           0  0.19s           2026-08-13T12:56:47
/home/airflow/.local/lib/python3.8/site-packages/airflow/example_dags/example_python_operator.py                                                           1           0  0.17s           2026-08-13T12:56:47
/home/airflow/.local/lib/python3.8/site-packages/airflow/example_dags/example_branch_operator.py                                                           1           0  0.19s           2026-08-13T12:56:47
/home/airflow/.local/lib/python3.8/site-packages/airflow/example_dags/example_setup_teardown_taskflow.py                                                   1           0  0.15s           2026-08-13T12:56:47
/home/airflow/.local/lib/python3.8/site-packages/airflow/example_dags/example_short_circuit_decorator.py                                                   1           0  0.18s           2026-08-13T12:56:48
/home/airflow/.local/lib/python3.8/site-packages/airflow/example_dags/example_short_circuit_operator.py                                                    1           0  0.18s           2026-08-13T12:56:48
/home/airflow/.local/lib/python3.8/site-packages/airflow/example_dags/tutorial_objectstorage.py                                                            1           0  0.15s           2026-08-13T12:56:48
/home/airflow/.local/lib/python3.8/site-packages/airflow/example_dags/example_external_task_marker_dag.py                                                  2           0  0.19s           2026-08-13T12:56:46
/home/airflow/.local/lib/python3.8/site-packages/airflow/example_dags/example_xcomargs.py                                                                  2           0  0.15s           2026-08-13T12:56:47
/home/airflow/.local/lib/python3.8/site-packages/airflow/example_dags/example_subdag_operator.py                                                           3           0  0.19s           2026-08-13T12:56:29
/home/airflow/.local/lib/python3.8/site-packages/airflow/example_dags/example_branch_datetime_operator.py                                                  3           0  0.25s           2026-08-13T12:56:39
/home/airflow/.local/lib/python3.8/site-packages/airflow/example_dags/example_datasets.py                                                                  6           0  0.22s           2026-08-13T12:56:48
================================================================================
[2026-08-13T12:57:19.487+0000] {manager.py:879} INFO - 
================================================================================
DAG File Processing Stats

File Path                                                                                                                           PID  Runtime      # DAGs    # Errors  Last Runtime    Last Run
--------------------------------------------------------------------------------------------------------------------------------  -----  ---------  --------  ----------  --------------  -------------------
/home/airflow/.local/lib/python3.8/site-packages/airflow/example_dags/subdags/subdag.py                                                                    0           0  0.11s           2026-08-13T12:57:19
/home/airflow/.local/lib/python3.8/site-packages/airflow/example_dags/plugins/event_listener.py                                    1346  0.02s             0           0  0.08s           2026-08-13T12:56:48
/home/airflow/.local/lib/python3.8/site-packages/airflow/example_dags/plugins/listener_plugin.py                                   1347  0.01s             0           0  0.07s           2026-08-13T12:56:48
/home/airflow/.local/lib/python3.8/site-packages/airflow/example_dags/plugins/workday.py                                                                   0           0  0.76s           2026-08-13T12:56:50
/home/airflow/.local/lib/python3.8/site-packages/airflow/example_dags/example_latest_only_with_trigger.py                                                  1           0  0.17s           2026-08-13T12:57:11
/home/airflow/.local/lib/python3.8/site-packages/airflow/example_dags/example_task_group.py                                                                1           0  0.16s           2026-08-13T12:57:13
/home/airflow/.local/lib/python3.8/site-packages/airflow/example_dags/example_params_trigger_ui.py                                                         1           0  0.23s           2026-08-13T12:57:15
/home/airflow/.local/lib/python3.8/site-packages/airflow/example_dags/tutorial_taskflow_api_virtualenv.py                                                  1           0  0.16s           2026-08-13T12:57:15
/home/airflow/.local/lib/python3.8/site-packages/airflow/example_dags/example_dynamic_task_mapping_with_no_taskflow_operators.py                           1           0  0.17s           2026-08-13T12:57:15
/home/airflow/.local/lib/python3.8/site-packages/airflow/example_dags/example_xcom.py                                                                      1           0  0.15s           2026-08-13T12:57:15
/home/airflow/.local/lib/python3.8/site-packages/airflow/example_dags/example_sla_dag.py                                                                   1           0  0.22s           2026-08-13T12:56:50
/home/airflow/.local/lib/python3.8/site-packages/airflow/example_dags/example_bash_operator.py                                                             1           0  0.24s           2026-08-13T12:56:50
/home/airflow/.local/lib/python3.8/site-packages/airflow/example_dags/example_nested_branch_dag.py                                                         1           0  0.17s           2026-08-13T12:56:51
/home/airflow/.local/lib/python3.8/site-packages/airflow/example_dags/example_setup_teardown.py                                                            1           0  0.16s           2026-08-13T12:56:52
/home/airflow/.local/lib/python3.8/site-packages/airflow/example_dags/example_sensors.py                                                                   1           0  0.22s           2026-08-13T12:56:54
/home/airflow/.local/lib/python3.8/site-packages/airflow/example_dags/example_trigger_controller_dag.py                                                    1           0  0.17s           2026-08-13T12:56:55
/home/airflow/.local/lib/python3.8/site-packages/airflow/example_dags/example_python_decorator.py                                                          1           0  0.16s           2026-08-13T12:56:55
/home/airflow/.local/lib/python3.8/site-packages/airflow/example_dags/tutorial.py                                                                          1           0  0.22s           2026-08-13T12:57:00
/home/airflow/.local/lib/python3.8/site-packages/airflow/example_dags/example_passing_params_via_test_command.py                                           1           0  0.22s           2026-08-13T12:57:00
/home/airflow/.local/lib/python3.8/site-packages/airflow/example_dags/example_task_group_decorator.py                                                      1           0  0.18s           2026-08-13T12:57:00
/home/airflow/.local/lib/python3.8/site-packages/airflow/example_dags/example_trigger_target_dag.py                                                        1           0  0.18s           2026-08-13T12:57:00
/home/airflow/.local/lib/python3.8/site-packages/airflow/example_dags/example_sensor_decorator.py                                                          1           0  0.18s           2026-08-13T12:57:00
/home/airflow/.local/lib/python3.8/site-packages/airflow/example_dags/example_skip_dag.py                                                                  1           0  0.18s           2026-08-13T12:57:00
/home/airflow/.local/lib/python3.8/site-packages/airflow/example_dags/example_complex.py                                                                   1           0  0.19s           2026-08-13T12:57:03
/home/airflow/.local/lib/python3.8/site-packages/airflow/example_dags/example_dag_decorator.py                                                             1           0  0.58s           2026-08-13T12:57:17
/home/airflow/.local/lib/python3.8/site-packages/airflow/example_dags/example_latest_only.py                                                               1           0  0.16s           2026-08-13T12:57:03
/home/airflow/.local/lib/python3.8/site-packages/airflow/example_dags/tutorial_dag.py                                                                      1           0  0.16s           2026-08-13T12:57:03
/home/airflow/.local/lib/python3.8/site-packages/airflow/example_dags/example_time_delta_sensor_async.py                                                   1           0  0.17s           2026-08-13T12:57:03
/home/airflow/.local/lib/python3.8/site-packages/airflow/example_dags/example_local_kubernetes_executor.py                                                 1           0  0.17s           2026-08-13T12:57:08
/home/airflow/.local/lib/python3.8/site-packages/airflow/example_dags/example_dynamic_task_mapping.py                                                      1           0  0.16s           2026-08-13T12:57:08
/home/airflow/.local/lib/python3.8/site-packages/airflow/example_dags/example_branch_python_dop_operator_3.py                                              1           0  0.19s           2026-08-13T12:57:09
/home/airflow/.local/lib/python3.8/site-packages/airflow/example_dags/example_branch_labels.py                                                             1           0  0.15s           2026-08-13T12:57:15
/home/airflow/.local/lib/python3.8/site-packages/airflow/example_dags/example_branch_operator_decorator.py                                                 1           0  0.38s           2026-08-13T12:57:17
/home/airflow/.local/lib/python3.8/site-packages/airflow/example_dags/example_params_ui_tutorial.py                                                        1           0  0.24s           2026-08-13T12:57:17
/home/airflow/.local/lib/python3.8/site-packages/airflow/example_dags/example_branch_day_of_week_operator.py                                               1           0  0.27s           2026-08-13T12:57:17
/home/airflow/.local/lib/python3.8/site-packages/airflow/example_dags/tutorial_taskflow_api.py                                                             1           0  0.44s           2026-08-13T12:57:18
/home/airflow/.local/lib/python3.8/site-packages/airflow/example_dags/example_kubernetes_executor.py                                                       1           0  0.46s           2026-08-13T12:57:18
/home/airflow/.local/lib/python3.8/site-packages/airflow/example_dags/example_python_operator.py                                                           1           0  0.16s           2026-08-13T12:57:18
/home/airflow/.local/lib/python3.8/site-packages/airflow/example_dags/example_branch_operator.py                                                           1           0  0.26s           2026-08-13T12:57:18
/home/airflow/.local/lib/python3.8/site-packages/airflow/example_dags/example_setup_teardown_taskflow.py                                                   1           0  0.23s           2026-08-13T12:57:18
/home/airflow/.local/lib/python3.8/site-packages/airflow/example_dags/example_short_circuit_decorator.py                                                   1           0  0.20s           2026-08-13T12:57:19
/home/airflow/.local/lib/python3.8/site-packages/airflow/example_dags/example_short_circuit_operator.py                                                    1           0  0.23s           2026-08-13T12:57:19
/home/airflow/.local/lib/python3.8/site-packages/airflow/example_dags/tutorial_objectstorage.py                                                            1           0  0.17s           2026-08-13T12:57:19
/home/airflow/.local/lib/python3.8/site-packages/airflow/example_dags/example_external_task_marker_dag.py                                                  2           0  0.39s           2026-08-13T12:57:16
/home/airflow/.local/lib/python3.8/site-packages/airflow/example_dags/example_xcomargs.py                                                                  2           0  0.21s           2026-08-13T12:57:18
/home/airflow/.local/lib/python3.8/site-packages/airflow/example_dags/example_subdag_operator.py                                                           3           0  0.23s           2026-08-13T12:57:01
/home/airflow/.local/lib/python3.8/site-packages/airflow/example_dags/example_branch_datetime_operator.py                                                  3           0  0.27s           2026-08-13T12:57:10
/home/airflow/.local/lib/python3.8/site-packages/airflow/example_dags/example_datasets.py                                                                  6           0  0.29s           2026-08-13T12:57:19
================================================================================
[2026-08-13T12:57:32.126+0000] {manager.py:451} INFO - Exiting gracefully upon receiving signal 15
[2026-08-13T12:57:32.186+0000] {manager.py:451} INFO - Exiting gracefully upon receiving signal 15
[2026-08-13T12:57:32.213+0000] {manager.py:451} INFO - Exiting gracefully upon receiving signal 15
[2026-08-13T13:00:33.677+0000] {manager.py:469} INFO - Processing files using up to 2 processes at a time 
[2026-08-13T13:00:33.681+0000] {manager.py:470} INFO - Process each file at most once every 30 seconds
[2026-08-13T13:00:33.682+0000] {manager.py:471} INFO - Checking for new files in /opt/airflow/dags every 300 seconds
[2026-08-13T13:00:33.684+0000] {manager.py:738} INFO - Searching for files in /opt/airflow/dags
[2026-08-13T13:00:33.695+0000] {manager.py:741} INFO - There are 0 files in /opt/airflow/dags
[2026-08-13T13:05:34.398+0000] {manager.py:738} INFO - Searching for files in /opt/airflow/dags
[2026-08-13T13:05:34.506+0000] {manager.py:741} INFO - There are 1 files in /opt/airflow/dags
[2026-08-13T13:05:36.606+0000] {manager.py:879} INFO - 
================================================================================
DAG File Processing Stats

File Path                                 PID  Runtime      # DAGs    # Errors  Last Runtime    Last Run
--------------------------------------  -----  ---------  --------  ----------  --------------  ----------
/opt/airflow/dags/training_pipeline.py    129  1.16s             0           0
================================================================================
[2026-08-13T13:06:06.987+0000] {manager.py:879} INFO - 
================================================================================
DAG File Processing Stats

File Path                               PID    Runtime      # DAGs    # Errors  Last Runtime    Last Run
--------------------------------------  -----  ---------  --------  ----------  --------------  -------------------
/opt/airflow/dags/training_pipeline.py                           1           0  1.94s           2026-08-13T13:06:02
================================================================================
[2026-08-13T13:06:08.952+0000] {manager.py:451} INFO - Exiting gracefully upon receiving signal 15
[2026-08-13T13:08:25.183+0000] {manager.py:469} INFO - Processing files using up to 2 processes at a time 
[2026-08-13T13:08:25.207+0000] {manager.py:470} INFO - Process each file at most once every 30 seconds
[2026-08-13T13:08:25.215+0000] {manager.py:471} INFO - Checking for new files in /opt/airflow/dags every 300 seconds
[2026-08-13T13:08:25.217+0000] {manager.py:738} INFO - Searching for files in /opt/airflow/dags
[2026-08-13T13:08:25.400+0000] {manager.py:741} INFO - There are 1 files in /opt/airflow/dags
[2026-08-13T13:08:27.368+0000] {manager.py:879} INFO - 
================================================================================
DAG File Processing Stats

File Path                                 PID  Runtime      # DAGs    # Errors  Last Runtime    Last Run
--------------------------------------  -----  ---------  --------  ----------  --------------  ----------
/opt/airflow/dags/training_pipeline.py     81  1.27s             0           0
================================================================================
[2026-08-13T13:08:57.725+0000] {manager.py:879} INFO - 
================================================================================
DAG File Processing Stats

File Path                                 PID  Runtime      # DAGs    # Errors  Last Runtime    Last Run
--------------------------------------  -----  ---------  --------  ----------  --------------  ----------
/opt/airflow/dags/training_pipeline.py     81  31.41s            0           0
================================================================================
[2026-08-13T13:09:28.417+0000] {manager.py:879} INFO - 
================================================================================
DAG File Processing Stats

File Path                               PID    Runtime      # DAGs    # Errors  Last Runtime    Last Run
--------------------------------------  -----  ---------  --------  ----------  --------------  -------------------
/opt/airflow/dags/training_pipeline.py                           1           0  33.71s          2026-08-13T13:08:59
================================================================================
[2026-08-13T13:09:58.969+0000] {manager.py:879} INFO - 
================================================================================
DAG File Processing Stats

File Path                               PID    Runtime      # DAGs    # Errors  Last Runtime    Last Run
--------------------------------------  -----  ---------  --------  ----------  --------------  -------------------
/opt/airflow/dags/training_pipeline.py                           1           0  4.86s           2026-08-13T13:09:34
================================================================================
[2026-08-13T13:10:29.607+0000] {manager.py:879} INFO - 
================================================================================
DAG File Processing Stats

File Path                               PID    Runtime      # DAGs    # Errors  Last Runtime    Last Run
--------------------------------------  -----  ---------  --------  ----------  --------------  -------------------
/opt/airflow/dags/training_pipeline.py                           1           0  1.04s           2026-08-13T13:10:06
================================================================================
[2026-08-13T13:11:00.103+0000] {manager.py:879} INFO - 
================================================================================
DAG File Processing Stats

File Path                               PID    Runtime      # DAGs    # Errors  Last Runtime    Last Run
--------------------------------------  -----  ---------  --------  ----------  --------------  -------------------
/opt/airflow/dags/training_pipeline.py                           1           0  9.55s           2026-08-13T13:10:46
================================================================================
[2026-08-13T13:11:30.933+0000] {manager.py:879} INFO - 
================================================================================
DAG File Processing Stats

File Path                               PID    Runtime      # DAGs    # Errors  Last Runtime    Last Run
--------------------------------------  -----  ---------  --------  ----------  --------------  -------------------
/opt/airflow/dags/training_pipeline.py                           1           0  6.17s           2026-08-13T13:11:22
================================================================================
[2026-08-13T13:12:01.321+0000] {manager.py:879} INFO - 
================================================================================
DAG File Processing Stats

File Path                               PID    Runtime      # DAGs    # Errors  Last Runtime    Last Run
--------------------------------------  -----  ---------  --------  ----------  --------------  -------------------
/opt/airflow/dags/training_pipeline.py                           1           0  2.04s           2026-08-13T13:11:55
================================================================================
[2026-08-13T13:12:31.736+0000] {manager.py:879} INFO - 
================================================================================
DAG File Processing Stats

File Path                               PID    Runtime      # DAGs    # Errors  Last Runtime    Last Run
--------------------------------------  -----  ---------  --------  ----------  --------------  -------------------
/opt/airflow/dags/training_pipeline.py                           1           0  1.27s           2026-08-13T13:12:26
================================================================================
[2026-08-13T13:13:02.255+0000] {manager.py:879} INFO - 
================================================================================
DAG File Processing Stats

File Path                               PID    Runtime      # DAGs    # Errors  Last Runtime    Last Run
--------------------------------------  -----  ---------  --------  ----------  --------------  -------------------
/opt/airflow/dags/training_pipeline.py                           1           0  1.42s           2026-08-13T13:12:58
================================================================================
[2026-08-13T13:13:25.516+0000] {manager.py:738} INFO - Searching for files in /opt/airflow/dags
[2026-08-13T13:13:25.578+0000] {manager.py:741} INFO - There are 1 files in /opt/airflow/dags
[2026-08-13T13:13:32.687+0000] {manager.py:879} INFO - 
================================================================================
DAG File Processing Stats

File Path                               PID    Runtime      # DAGs    # Errors  Last Runtime    Last Run
--------------------------------------  -----  ---------  --------  ----------  --------------  -------------------
/opt/airflow/dags/training_pipeline.py                           1           0  0.99s           2026-08-13T13:13:29
================================================================================
[2026-08-13T13:14:03.269+0000] {manager.py:879} INFO - 
================================================================================
DAG File Processing Stats

File Path                                 PID  Runtime      # DAGs    # Errors  Last Runtime    Last Run
--------------------------------------  -----  ---------  --------  ----------  --------------  -------------------
/opt/airflow/dags/training_pipeline.py    172  3.09s             1           0  0.99s           2026-08-13T13:13:29
================================================================================
[2026-08-13T13:14:33.631+0000] {manager.py:879} INFO - 
================================================================================
DAG File Processing Stats

File Path                               PID    Runtime      # DAGs    # Errors  Last Runtime    Last Run
--------------------------------------  -----  ---------  --------  ----------  --------------  -------------------
/opt/airflow/dags/training_pipeline.py                           1           0  4.33s           2026-08-13T13:14:04
================================================================================
[2026-08-13T13:15:04.167+0000] {manager.py:879} INFO - 
================================================================================
DAG File Processing Stats

File Path                               PID    Runtime      # DAGs    # Errors  Last Runtime    Last Run
--------------------------------------  -----  ---------  --------  ----------  --------------  -------------------
/opt/airflow/dags/training_pipeline.py                           1           0  1.55s           2026-08-13T13:14:36
================================================================================
[2026-08-13T13:15:09.486+0000] {manager.py:451} INFO - Exiting gracefully upon receiving signal 15
[2026-08-13T13:15:09.495+0000] {manager.py:451} INFO - Exiting gracefully upon receiving signal 15
[2026-08-13T13:43:37.854+0000] {manager.py:469} INFO - Processing files using up to 2 processes at a time 
[2026-08-13T13:43:37.874+0000] {manager.py:470} INFO - Process each file at most once every 30 seconds
[2026-08-13T13:43:37.876+0000] {manager.py:471} INFO - Checking for new files in /opt/airflow/dags every 300 seconds
[2026-08-13T13:43:37.881+0000] {manager.py:738} INFO - Searching for files in /opt/airflow/dags
[2026-08-13T13:43:38.548+0000] {manager.py:741} INFO - There are 1 files in /opt/airflow/dags
[2026-08-13T13:43:43.204+0000] {manager.py:879} INFO - 
================================================================================
DAG File Processing Stats

File Path                                 PID  Runtime      # DAGs    # Errors  Last Runtime    Last Run
--------------------------------------  -----  ---------  --------  ----------  --------------  ----------
/opt/airflow/dags/training_pipeline.py    109  2.12s             0           0
================================================================================
[2026-08-13T13:44:13.233+0000] {manager.py:879} INFO - 
================================================================================
DAG File Processing Stats

File Path                                 PID  Runtime      # DAGs    # Errors  Last Runtime    Last Run
--------------------------------------  -----  ---------  --------  ----------  --------------  ----------
/opt/airflow/dags/training_pipeline.py    109  32.08s            0           0
================================================================================
[2026-08-13T13:44:31.206+0000] {manager.py:1201} ERROR - Processor for /opt/airflow/dags/training_pipeline.py with PID 109 started at 2026-08-13T13:43:40.998592+00:00 has timed out, killing it.
[2026-08-13T13:44:44.208+0000] {manager.py:879} INFO - 
================================================================================
DAG File Processing Stats

File Path                               PID    Runtime      # DAGs    # Errors  Last Runtime    Last Run
--------------------------------------  -----  ---------  --------  ----------  --------------  -------------------
/opt/airflow/dags/training_pipeline.py                           0           1  50.14s          2026-08-13T13:44:31
================================================================================
[2026-08-13T13:45:15.243+0000] {manager.py:879} INFO - 
================================================================================
DAG File Processing Stats

File Path                                 PID  Runtime      # DAGs    # Errors  Last Runtime    Last Run
--------------------------------------  -----  ---------  --------  ----------  --------------  -------------------
/opt/airflow/dags/training_pipeline.py    123  12.38s            0           1  50.14s          2026-08-13T13:44:31
================================================================================
[2026-08-13T13:45:46.369+0000] {manager.py:879} INFO - 
================================================================================
DAG File Processing Stats

File Path                                 PID  Runtime      # DAGs    # Errors  Last Runtime    Last Run
--------------------------------------  -----  ---------  --------  ----------  --------------  -------------------
/opt/airflow/dags/training_pipeline.py    123  43.70s            0           1  50.14s          2026-08-13T13:44:31
================================================================================
[2026-08-13T13:45:53.013+0000] {manager.py:1201} ERROR - Processor for /opt/airflow/dags/training_pipeline.py with PID 123 started at 2026-08-13T13:45:02.110143+00:00 has timed out, killing it.
[2026-08-13T13:46:18.597+0000] {manager.py:879} INFO - 
================================================================================
DAG File Processing Stats

File Path                               PID    Runtime      # DAGs    # Errors  Last Runtime    Last Run
--------------------------------------  -----  ---------  --------  ----------  --------------  -------------------
/opt/airflow/dags/training_pipeline.py                           0           1  50.90s          2026-08-13T13:45:53
================================================================================
[2026-08-13T13:46:49.403+0000] {manager.py:879} INFO - 
================================================================================
DAG File Processing Stats

File Path                                 PID  Runtime      # DAGs    # Errors  Last Runtime    Last Run
--------------------------------------  -----  ---------  --------  ----------  --------------  -------------------
/opt/airflow/dags/training_pipeline.py    142  24.79s            0           1  50.90s          2026-08-13T13:45:53
================================================================================
[2026-08-13T13:47:14.624+0000] {manager.py:1201} ERROR - Processor for /opt/airflow/dags/training_pipeline.py with PID 142 started at 2026-08-13T13:46:24.480863+00:00 has timed out, killing it.
[2026-08-13T13:47:19.526+0000] {manager.py:879} INFO - 
================================================================================
DAG File Processing Stats

File Path                               PID    Runtime      # DAGs    # Errors  Last Runtime    Last Run
--------------------------------------  -----  ---------  --------  ----------  --------------  -------------------
/opt/airflow/dags/training_pipeline.py                           0           1  50.14s          2026-08-13T13:47:14
================================================================================
[2026-08-13T13:47:50.370+0000] {manager.py:879} INFO - 
================================================================================
DAG File Processing Stats

File Path                                 PID  Runtime      # DAGs    # Errors  Last Runtime    Last Run
--------------------------------------  -----  ---------  --------  ----------  --------------  -------------------
/opt/airflow/dags/training_pipeline.py    157  4.50s             0           1  50.14s          2026-08-13T13:47:14
================================================================================
[2026-08-13T13:48:20.689+0000] {manager.py:879} INFO - 
================================================================================
DAG File Processing Stats

File Path                                 PID  Runtime      # DAGs    # Errors  Last Runtime    Last Run
--------------------------------------  -----  ---------  --------  ----------  --------------  -------------------
/opt/airflow/dags/training_pipeline.py    157  34.70s            0           1  50.14s          2026-08-13T13:47:14
================================================================================
[2026-08-13T13:48:36.694+0000] {manager.py:1201} ERROR - Processor for /opt/airflow/dags/training_pipeline.py with PID 157 started at 2026-08-13T13:47:45.889186+00:00 has timed out, killing it.
[2026-08-13T13:48:38.463+0000] {manager.py:738} INFO - Searching for files in /opt/airflow/dags
[2026-08-13T13:48:39.181+0000] {manager.py:741} INFO - There are 1 files in /opt/airflow/dags
[2026-08-13T13:48:51.427+0000] {manager.py:879} INFO - 
================================================================================
DAG File Processing Stats

File Path                               PID    Runtime      # DAGs    # Errors  Last Runtime    Last Run
--------------------------------------  -----  ---------  --------  ----------  --------------  -------------------
/opt/airflow/dags/training_pipeline.py                           0           1  50.78s          2026-08-13T13:48:36
================================================================================
[2026-08-13T13:49:21.937+0000] {manager.py:879} INFO - 
================================================================================
DAG File Processing Stats

File Path                                 PID  Runtime      # DAGs    # Errors  Last Runtime    Last Run
--------------------------------------  -----  ---------  --------  ----------  --------------  -------------------
/opt/airflow/dags/training_pipeline.py    179  13.81s            0           1  50.78s          2026-08-13T13:48:36
================================================================================
[2026-08-13T13:49:52.207+0000] {manager.py:879} INFO - 
================================================================================
DAG File Processing Stats

File Path                                 PID  Runtime      # DAGs    # Errors  Last Runtime    Last Run
--------------------------------------  -----  ---------  --------  ----------  --------------  -------------------
/opt/airflow/dags/training_pipeline.py    179  44.06s            0           1  50.78s          2026-08-13T13:48:36
================================================================================
[2026-08-13T13:49:59.032+0000] {manager.py:1201} ERROR - Processor for /opt/airflow/dags/training_pipeline.py with PID 179 started at 2026-08-13T13:49:08.028804+00:00 has timed out, killing it.
[2026-08-13T13:50:22.712+0000] {manager.py:879} INFO - 
================================================================================
DAG File Processing Stats

File Path                               PID    Runtime      # DAGs    # Errors  Last Runtime    Last Run
--------------------------------------  -----  ---------  --------  ----------  --------------  -------------------
/opt/airflow/dags/training_pipeline.py                           0           1  50.94s          2026-08-13T13:49:58
================================================================================
[2026-08-13T13:51:02.011+0000] {manager.py:879} INFO - 
================================================================================
DAG File Processing Stats

File Path                                 PID  Runtime      # DAGs    # Errors  Last Runtime    Last Run
--------------------------------------  -----  ---------  --------  ----------  --------------  -------------------
/opt/airflow/dags/training_pipeline.py    188  22.26s            0           1  50.94s          2026-08-13T13:49:58
================================================================================
[2026-08-13T17:33:03.779+0000] {manager.py:469} INFO - Processing files using up to 2 processes at a time 
[2026-08-13T17:33:03.787+0000] {manager.py:470} INFO - Process each file at most once every 30 seconds
[2026-08-13T17:33:03.789+0000] {manager.py:471} INFO - Checking for new files in /opt/airflow/dags every 300 seconds
[2026-08-13T17:33:03.791+0000] {manager.py:738} INFO - Searching for files in /opt/airflow/dags
[2026-08-13T17:33:03.954+0000] {manager.py:741} INFO - There are 1 files in /opt/airflow/dags
[2026-08-13T17:33:04.921+0000] {manager.py:879} INFO - 
================================================================================
DAG File Processing Stats

File Path                                 PID  Runtime      # DAGs    # Errors  Last Runtime    Last Run
--------------------------------------  -----  ---------  --------  ----------  --------------  ----------
/opt/airflow/dags/training_pipeline.py     68  0.36s             0           0
================================================================================
[2026-08-13T17:33:35.267+0000] {manager.py:879} INFO - 
================================================================================
DAG File Processing Stats

File Path                               PID    Runtime      # DAGs    # Errors  Last Runtime    Last Run
--------------------------------------  -----  ---------  --------  ----------  --------------  -------------------
/opt/airflow/dags/training_pipeline.py                           1           0  16.64s          2026-08-13T17:33:21
================================================================================
[2026-08-13T17:34:05.739+0000] {manager.py:879} INFO - 
================================================================================
DAG File Processing Stats

File Path                                 PID  Runtime      # DAGs    # Errors  Last Runtime    Last Run
--------------------------------------  -----  ---------  --------  ----------  --------------  -------------------
/opt/airflow/dags/training_pipeline.py     87  13.85s            1           0  16.64s          2026-08-13T17:33:21
================================================================================
[2026-08-13T17:34:35.945+0000] {manager.py:879} INFO - 
================================================================================
DAG File Processing Stats

File Path                               PID    Runtime      # DAGs    # Errors  Last Runtime    Last Run
--------------------------------------  -----  ---------  --------  ----------  --------------  -------------------
/opt/airflow/dags/training_pipeline.py                           1           0  18.77s          2026-08-13T17:34:10
================================================================================
[2026-08-13T17:35:06.552+0000] {manager.py:879} INFO - 
================================================================================
DAG File Processing Stats

File Path                               PID    Runtime      # DAGs    # Errors  Last Runtime    Last Run
--------------------------------------  -----  ---------  --------  ----------  --------------  -------------------
/opt/airflow/dags/training_pipeline.py                           1           0  1.00s           2026-08-13T17:34:48
================================================================================
[2026-08-13T17:35:36.781+0000] {manager.py:879} INFO - 
================================================================================
DAG File Processing Stats

File Path                               PID    Runtime      # DAGs    # Errors  Last Runtime    Last Run
--------------------------------------  -----  ---------  --------  ----------  --------------  -------------------
/opt/airflow/dags/training_pipeline.py                           1           0  0.88s           2026-08-13T17:35:19
================================================================================
[2026-08-13T17:36:06.935+0000] {manager.py:879} INFO - 
================================================================================
DAG File Processing Stats

File Path                               PID    Runtime      # DAGs    # Errors  Last Runtime    Last Run
--------------------------------------  -----  ---------  --------  ----------  --------------  -------------------
/opt/airflow/dags/training_pipeline.py                           1           0  9.77s           2026-08-13T17:35:59
================================================================================
[2026-08-13T17:36:37.215+0000] {manager.py:879} INFO - 
================================================================================
DAG File Processing Stats

File Path                               PID    Runtime      # DAGs    # Errors  Last Runtime    Last Run
--------------------------------------  -----  ---------  --------  ----------  --------------  -------------------
/opt/airflow/dags/training_pipeline.py                           1           0  1.92s           2026-08-13T17:36:32
================================================================================
[2026-08-13T17:37:07.383+0000] {manager.py:879} INFO - 
================================================================================
DAG File Processing Stats

File Path                                 PID  Runtime      # DAGs    # Errors  Last Runtime    Last Run
--------------------------------------  -----  ---------  --------  ----------  --------------  -------------------
/opt/airflow/dags/training_pipeline.py    135  5.16s             1           0  1.92s           2026-08-13T17:36:32
================================================================================
[2026-08-13T17:37:37.697+0000] {manager.py:879} INFO - 
================================================================================
DAG File Processing Stats

File Path                               PID    Runtime      # DAGs    # Errors  Last Runtime    Last Run
--------------------------------------  -----  ---------  --------  ----------  --------------  -------------------
/opt/airflow/dags/training_pipeline.py                           1           0  7.15s           2026-08-13T17:37:09
================================================================================
[2026-08-13T17:38:04.192+0000] {manager.py:738} INFO - Searching for files in /opt/airflow/dags
[2026-08-13T17:38:04.249+0000] {manager.py:741} INFO - There are 1 files in /opt/airflow/dags
[2026-08-13T17:38:08.338+0000] {manager.py:879} INFO - 
================================================================================
DAG File Processing Stats

File Path                               PID    Runtime      # DAGs    # Errors  Last Runtime    Last Run
--------------------------------------  -----  ---------  --------  ----------  --------------  -------------------
/opt/airflow/dags/training_pipeline.py                           1           0  5.34s           2026-08-13T17:37:56
================================================================================
[2026-08-13T17:38:38.807+0000] {manager.py:879} INFO - 
================================================================================
DAG File Processing Stats

File Path                               PID    Runtime      # DAGs    # Errors  Last Runtime    Last Run
--------------------------------------  -----  ---------  --------  ----------  --------------  -------------------
/opt/airflow/dags/training_pipeline.py                           1           0  1.62s           2026-08-13T17:38:28
================================================================================
[2026-08-13T17:39:08.842+0000] {manager.py:879} INFO - 
================================================================================
DAG File Processing Stats

File Path                               PID    Runtime      # DAGs    # Errors  Last Runtime    Last Run
--------------------------------------  -----  ---------  --------  ----------  --------------  -------------------
/opt/airflow/dags/training_pipeline.py                           1           0  2.30s           2026-08-13T17:39:00
================================================================================
[2026-08-13T17:39:39.067+0000] {manager.py:879} INFO - 
================================================================================
DAG File Processing Stats

File Path                               PID    Runtime      # DAGs    # Errors  Last Runtime    Last Run
--------------------------------------  -----  ---------  --------  ----------  --------------  -------------------
/opt/airflow/dags/training_pipeline.py                           1           0  0.86s           2026-08-13T17:39:31
================================================================================
[2026-08-13T17:40:09.720+0000] {manager.py:879} INFO - 
================================================================================
DAG File Processing Stats

File Path                               PID    Runtime      # DAGs    # Errors  Last Runtime    Last Run
--------------------------------------  -----  ---------  --------  ----------  --------------  -------------------
/opt/airflow/dags/training_pipeline.py                           1           0  1.49s           2026-08-13T17:40:03
================================================================================
[2026-08-13T17:40:40.255+0000] {manager.py:879} INFO - 
================================================================================
DAG File Processing Stats

File Path                               PID    Runtime      # DAGs    # Errors  Last Runtime    Last Run
--------------------------------------  -----  ---------  --------  ----------  --------------  -------------------
/opt/airflow/dags/training_pipeline.py                           1           0  1.31s           2026-08-13T17:40:35
================================================================================
[2026-08-13T17:41:10.623+0000] {manager.py:879} INFO - 
================================================================================
DAG File Processing Stats

File Path                               PID    Runtime      # DAGs    # Errors  Last Runtime    Last Run
--------------------------------------  -----  ---------  --------  ----------  --------------  -------------------
/opt/airflow/dags/training_pipeline.py                           1           0  1.10s           2026-08-13T17:41:06
================================================================================
[2026-08-13T17:41:41.005+0000] {manager.py:879} INFO - 
================================================================================
DAG File Processing Stats

File Path                               PID    Runtime      # DAGs    # Errors  Last Runtime    Last Run
--------------------------------------  -----  ---------  --------  ----------  --------------  -------------------
/opt/airflow/dags/training_pipeline.py                           1           0  0.96s           2026-08-13T17:41:37
================================================================================
[2026-08-13T17:42:11.351+0000] {manager.py:879} INFO - 
================================================================================
DAG File Processing Stats

File Path                               PID    Runtime      # DAGs    # Errors  Last Runtime    Last Run
--------------------------------------  -----  ---------  --------  ----------  --------------  -------------------
/opt/airflow/dags/training_pipeline.py                           1           0  0.91s           2026-08-13T17:42:09
================================================================================
[2026-08-13T17:42:41.813+0000] {manager.py:879} INFO - 
================================================================================
DAG File Processing Stats

File Path                                 PID  Runtime      # DAGs    # Errors  Last Runtime    Last Run
--------------------------------------  -----  ---------  --------  ----------  --------------  -------------------
/opt/airflow/dags/training_pipeline.py    223  2.03s             1           0  0.91s           2026-08-13T17:42:09
================================================================================
[2026-08-13T17:43:05.094+0000] {manager.py:738} INFO - Searching for files in /opt/airflow/dags
[2026-08-13T17:43:05.470+0000] {manager.py:741} INFO - There are 2 files in /opt/airflow/dags
[2026-08-13T17:43:12.954+0000] {manager.py:879} INFO - 
================================================================================
DAG File Processing Stats

File Path                                         PID  Runtime      # DAGs    # Errors  Last Runtime    Last Run
----------------------------------------------  -----  ---------  --------  ----------  --------------  -------------------
/opt/airflow/dags/training_pipeline_with_CT.py    231  6.97s             0           0
/opt/airflow/dags/training_pipeline.py            233  0.10s             1           0  2.04s           2026-08-13T17:42:41
================================================================================
[2026-08-13T17:43:43.037+0000] {manager.py:879} INFO - 
================================================================================
DAG File Processing Stats

File Path                                       PID    Runtime      # DAGs    # Errors  Last Runtime    Last Run
----------------------------------------------  -----  ---------  --------  ----------  --------------  -------------------
/opt/airflow/dags/training_pipeline.py                                   1           0  29.12s          2026-08-13T17:43:41
/opt/airflow/dags/training_pipeline_with_CT.py                           1           0  23.34s          2026-08-13T17:43:29
================================================================================
[2026-08-13T17:44:15.183+0000] {manager.py:879} INFO - 
================================================================================
DAG File Processing Stats

File Path                                         PID  Runtime      # DAGs    # Errors  Last Runtime    Last Run
----------------------------------------------  -----  ---------  --------  ----------  --------------  -------------------
/opt/airflow/dags/training_pipeline.py            251  1.20s             1           0  29.12s          2026-08-13T17:43:41
/opt/airflow/dags/training_pipeline_with_CT.py    249  14.32s            1           0  23.34s          2026-08-13T17:43:29
================================================================================
[2026-08-13T17:44:46.409+0000] {manager.py:879} INFO - 
================================================================================
DAG File Processing Stats

File Path                                         PID  Runtime      # DAGs    # Errors  Last Runtime    Last Run
----------------------------------------------  -----  ---------  --------  ----------  --------------  -------------------
/opt/airflow/dags/training_pipeline.py            251  33.36s            1           0  29.12s          2026-08-13T17:43:41
/opt/airflow/dags/training_pipeline_with_CT.py    249  46.48s            1           0  23.34s          2026-08-13T17:43:29
================================================================================
[2026-08-13T17:44:49.723+0000] {manager.py:1201} ERROR - Processor for /opt/airflow/dags/training_pipeline_with_CT.py with PID 249 started at 2026-08-13T17:43:59.660404+00:00 has timed out, killing it.
[2026-08-13T17:45:02.800+0000] {manager.py:1201} ERROR - Processor for /opt/airflow/dags/training_pipeline.py with PID 251 started at 2026-08-13T17:44:12.783986+00:00 has timed out, killing it.
[2026-08-13T17:45:17.884+0000] {manager.py:879} INFO - 
================================================================================
DAG File Processing Stats

File Path                                         PID  Runtime      # DAGs    # Errors  Last Runtime    Last Run
----------------------------------------------  -----  ---------  --------  ----------  --------------  -------------------
/opt/airflow/dags/training_pipeline.py                                   0           1  50.01s          2026-08-13T17:45:02
/opt/airflow/dags/training_pipeline_with_CT.py    266  1.12s             0           1  50.04s          2026-08-13T17:44:49
================================================================================
[2026-08-13T17:45:48.725+0000] {manager.py:879} INFO - 
================================================================================
DAG File Processing Stats

File Path                                         PID  Runtime      # DAGs    # Errors  Last Runtime    Last Run
----------------------------------------------  -----  ---------  --------  ----------  --------------  -------------------
/opt/airflow/dags/training_pipeline.py            268  14.23s            0           1  50.01s          2026-08-13T17:45:02
/opt/airflow/dags/training_pipeline_with_CT.py    266  32.35s            0           1  50.04s          2026-08-13T17:44:49
================================================================================
[2026-08-13T17:46:19.315+0000] {manager.py:879} INFO - 
================================================================================
DAG File Processing Stats

File Path                                       PID    Runtime      # DAGs    # Errors  Last Runtime    Last Run
----------------------------------------------  -----  ---------  --------  ----------  --------------  -------------------
/opt/airflow/dags/training_pipeline.py                                   1           0  31.68s          2026-08-13T17:46:05
/opt/airflow/dags/training_pipeline_with_CT.py                           1           0  49.78s          2026-08-13T17:46:05
================================================================================
[2026-08-13T17:46:49.914+0000] {manager.py:879} INFO - 
================================================================================
DAG File Processing Stats

File Path                                       PID    Runtime      # DAGs    # Errors  Last Runtime    Last Run
----------------------------------------------  -----  ---------  --------  ----------  --------------  -------------------
/opt/airflow/dags/training_pipeline.py                                   1           0  8.80s           2026-08-13T17:46:45
/opt/airflow/dags/training_pipeline_with_CT.py                           1           0  9.06s           2026-08-13T17:46:45
================================================================================
[2026-08-13T17:47:20.048+0000] {manager.py:879} INFO - 
================================================================================
DAG File Processing Stats

File Path                                       PID    Runtime      # DAGs    # Errors  Last Runtime    Last Run
----------------------------------------------  -----  ---------  --------  ----------  --------------  -------------------
/opt/airflow/dags/training_pipeline.py                                   1           0  1.73s           2026-08-13T17:46:56
/opt/airflow/dags/training_pipeline_with_CT.py                           1           0  1.17s           2026-08-13T17:47:17
================================================================================
[2026-08-13T17:47:50.260+0000] {manager.py:879} INFO - 
================================================================================
DAG File Processing Stats

File Path                                       PID    Runtime      # DAGs    # Errors  Last Runtime    Last Run
----------------------------------------------  -----  ---------  --------  ----------  --------------  -------------------
/opt/airflow/dags/training_pipeline.py                                   1           0  0.81s           2026-08-13T17:47:27
/opt/airflow/dags/training_pipeline_with_CT.py                           1           0  0.95s           2026-08-13T17:47:48
================================================================================
[2026-08-13T17:48:05.299+0000] {manager.py:738} INFO - Searching for files in /opt/airflow/dags
[2026-08-13T17:48:05.636+0000] {manager.py:741} INFO - There are 2 files in /opt/airflow/dags
[2026-08-13T17:48:20.826+0000] {manager.py:879} INFO - 
================================================================================
DAG File Processing Stats

File Path                                       PID    Runtime      # DAGs    # Errors  Last Runtime    Last Run
----------------------------------------------  -----  ---------  --------  ----------  --------------  -------------------
/opt/airflow/dags/training_pipeline.py                                   1           0  0.83s           2026-08-13T17:47:59
/opt/airflow/dags/training_pipeline_with_CT.py                           1           0  0.90s           2026-08-13T17:48:19
================================================================================
[2026-08-13T17:48:51.112+0000] {manager.py:879} INFO - 
================================================================================
DAG File Processing Stats

File Path                                       PID    Runtime      # DAGs    # Errors  Last Runtime    Last Run
----------------------------------------------  -----  ---------  --------  ----------  --------------  -------------------
/opt/airflow/dags/training_pipeline.py                                   1           0  0.91s           2026-08-13T17:48:30
/opt/airflow/dags/training_pipeline_with_CT.py                           1           0  0.98s           2026-08-13T17:48:51
================================================================================
[2026-08-13T17:49:21.716+0000] {manager.py:879} INFO - 
================================================================================
DAG File Processing Stats

File Path                                         PID  Runtime      # DAGs    # Errors  Last Runtime    Last Run
----------------------------------------------  -----  ---------  --------  ----------  --------------  -------------------
/opt/airflow/dags/training_pipeline.py                                   1           0  17.86s          2026-08-13T17:49:19
/opt/airflow/dags/training_pipeline_with_CT.py    341  0.07s             1           0  0.98s           2026-08-13T17:48:51
================================================================================
[2026-08-13T17:49:52.366+0000] {manager.py:879} INFO - 
================================================================================
DAG File Processing Stats

File Path                                         PID  Runtime      # DAGs    # Errors  Last Runtime    Last Run
----------------------------------------------  -----  ---------  --------  ----------  --------------  -------------------
/opt/airflow/dags/training_pipeline.py            349  2.14s             1           0  17.86s          2026-08-13T17:49:19
/opt/airflow/dags/training_pipeline_with_CT.py                           1           0  4.46s           2026-08-13T17:49:26
================================================================================
[2026-08-13T17:50:22.571+0000] {manager.py:879} INFO - 
================================================================================
DAG File Processing Stats

File Path                                       PID    Runtime      # DAGs    # Errors  Last Runtime    Last Run
----------------------------------------------  -----  ---------  --------  ----------  --------------  -------------------
/opt/airflow/dags/training_pipeline.py                                   1           0  1.73s           2026-08-13T17:50:09
/opt/airflow/dags/training_pipeline_with_CT.py                           1           0  1.75s           2026-08-13T17:49:58
================================================================================
[2026-08-13T17:50:52.929+0000] {manager.py:879} INFO - 
================================================================================
DAG File Processing Stats

File Path                                       PID    Runtime      # DAGs    # Errors  Last Runtime    Last Run
----------------------------------------------  -----  ---------  --------  ----------  --------------  -------------------
/opt/airflow/dags/training_pipeline.py                                   1           0  0.81s           2026-08-13T17:50:40
/opt/airflow/dags/training_pipeline_with_CT.py                           1           0  1.00s           2026-08-13T17:50:29
================================================================================
[2026-08-13T17:51:23.273+0000] {manager.py:879} INFO - 
================================================================================
DAG File Processing Stats

File Path                                       PID    Runtime      # DAGs    # Errors  Last Runtime    Last Run
----------------------------------------------  -----  ---------  --------  ----------  --------------  -------------------
/opt/airflow/dags/training_pipeline.py                                   1           0  0.87s           2026-08-13T17:51:11
/opt/airflow/dags/training_pipeline_with_CT.py                           1           0  0.87s           2026-08-13T17:51:00
================================================================================
[2026-08-13T17:51:53.809+0000] {manager.py:879} INFO - 
================================================================================
DAG File Processing Stats

File Path                                       PID    Runtime      # DAGs    # Errors  Last Runtime    Last Run
----------------------------------------------  -----  ---------  --------  ----------  --------------  -------------------
/opt/airflow/dags/training_pipeline.py                                   1           0  0.72s           2026-08-13T17:51:42
/opt/airflow/dags/training_pipeline_with_CT.py                           1           0  1.03s           2026-08-13T17:51:31
================================================================================
[2026-08-13T17:52:24.180+0000] {manager.py:879} INFO - 
================================================================================
DAG File Processing Stats

File Path                                       PID    Runtime      # DAGs    # Errors  Last Runtime    Last Run
----------------------------------------------  -----  ---------  --------  ----------  --------------  -------------------
/opt/airflow/dags/training_pipeline.py                                   1           0  1.27s           2026-08-13T17:52:14
/opt/airflow/dags/training_pipeline_with_CT.py                           1           0  3.83s           2026-08-13T17:52:05
================================================================================
[2026-08-13T17:52:54.539+0000] {manager.py:879} INFO - 
================================================================================
DAG File Processing Stats

File Path                                       PID    Runtime      # DAGs    # Errors  Last Runtime    Last Run
----------------------------------------------  -----  ---------  --------  ----------  --------------  -------------------
/opt/airflow/dags/training_pipeline.py                                   1           0  1.16s           2026-08-13T17:52:45
/opt/airflow/dags/training_pipeline_with_CT.py                           1           0  0.86s           2026-08-13T17:52:37
================================================================================
[2026-08-13T17:53:05.779+0000] {manager.py:738} INFO - Searching for files in /opt/airflow/dags
[2026-08-13T17:53:05.935+0000] {manager.py:741} INFO - There are 2 files in /opt/airflow/dags
[2026-08-13T17:53:25.118+0000] {manager.py:879} INFO - 
================================================================================
DAG File Processing Stats

File Path                                         PID  Runtime      # DAGs    # Errors  Last Runtime    Last Run
----------------------------------------------  -----  ---------  --------  ----------  --------------  -------------------
/opt/airflow/dags/training_pipeline.py            421  7.36s             1           0  1.16s           2026-08-13T17:52:45
/opt/airflow/dags/training_pipeline_with_CT.py                           1           0  11.77s          2026-08-13T17:53:19
================================================================================
[2026-08-13T17:53:55.514+0000] {manager.py:879} INFO - 
================================================================================
DAG File Processing Stats

File Path                                       PID    Runtime      # DAGs    # Errors  Last Runtime    Last Run
----------------------------------------------  -----  ---------  --------  ----------  --------------  -------------------
/opt/airflow/dags/training_pipeline.py                                   1           0  16.89s          2026-08-13T17:53:34
/opt/airflow/dags/training_pipeline_with_CT.py                           1           0  3.51s           2026-08-13T17:53:53
================================================================================
[2026-08-13T17:54:26.440+0000] {manager.py:879} INFO - 
================================================================================
DAG File Processing Stats

File Path                                       PID    Runtime      # DAGs    # Errors  Last Runtime    Last Run
----------------------------------------------  -----  ---------  --------  ----------  --------------  -------------------
/opt/airflow/dags/training_pipeline.py                                   1           0  1.17s           2026-08-13T17:54:10
/opt/airflow/dags/training_pipeline_with_CT.py                           1           0  1.13s           2026-08-13T17:54:23
================================================================================
[2026-08-13T17:54:56.485+0000] {manager.py:879} INFO - 
================================================================================
DAG File Processing Stats

File Path                                       PID    Runtime      # DAGs    # Errors  Last Runtime    Last Run
----------------------------------------------  -----  ---------  --------  ----------  --------------  -------------------
/opt/airflow/dags/training_pipeline.py                                   1           0  0.81s           2026-08-13T17:54:41
/opt/airflow/dags/training_pipeline_with_CT.py                           1           0  0.80s           2026-08-13T17:54:54
================================================================================
[2026-08-13T17:55:26.740+0000] {manager.py:879} INFO - 
================================================================================
DAG File Processing Stats

File Path                                       PID    Runtime      # DAGs    # Errors  Last Runtime    Last Run
----------------------------------------------  -----  ---------  --------  ----------  --------------  -------------------
/opt/airflow/dags/training_pipeline.py                                   1           0  0.89s           2026-08-13T17:55:12
/opt/airflow/dags/training_pipeline_with_CT.py                           1           0  0.92s           2026-08-13T17:55:25
================================================================================
[2026-08-13T17:55:57.282+0000] {manager.py:879} INFO - 
================================================================================
DAG File Processing Stats

File Path                                         PID  Runtime      # DAGs    # Errors  Last Runtime    Last Run
----------------------------------------------  -----  ---------  --------  ----------  --------------  -------------------
/opt/airflow/dags/training_pipeline.py                                   1           0  1.30s           2026-08-13T17:55:44
/opt/airflow/dags/training_pipeline_with_CT.py    472  1.02s             1           0  0.92s           2026-08-13T17:55:25
================================================================================
[2026-08-13T17:56:28.239+0000] {manager.py:879} INFO - 
================================================================================
DAG File Processing Stats

File Path                                         PID  Runtime      # DAGs    # Errors  Last Runtime    Last Run
----------------------------------------------  -----  ---------  --------  ----------  --------------  -------------------
/opt/airflow/dags/training_pipeline.py                                   1           0  1.70s           2026-08-13T17:56:16
/opt/airflow/dags/training_pipeline_with_CT.py    482  0.17s             1           0  1.24s           2026-08-13T17:55:57
================================================================================
[2026-08-13T17:56:58.801+0000] {manager.py:879} INFO - 
================================================================================
DAG File Processing Stats

File Path                                       PID    Runtime      # DAGs    # Errors  Last Runtime    Last Run
----------------------------------------------  -----  ---------  --------  ----------  --------------  -------------------
/opt/airflow/dags/training_pipeline.py                                   1           0  1.79s           2026-08-13T17:56:48
/opt/airflow/dags/training_pipeline_with_CT.py                           1           0  5.60s           2026-08-13T17:56:33
================================================================================
[2026-08-13T17:57:29.332+0000] {manager.py:879} INFO - 
================================================================================
DAG File Processing Stats

File Path                                       PID    Runtime      # DAGs    # Errors  Last Runtime    Last Run
----------------------------------------------  -----  ---------  --------  ----------  --------------  -------------------
/opt/airflow/dags/training_pipeline.py                                   1           0  1.35s           2026-08-13T17:57:22
/opt/airflow/dags/training_pipeline_with_CT.py                           1           0  4.23s           2026-08-13T17:57:08
================================================================================
[2026-08-13T17:57:59.707+0000] {manager.py:879} INFO - 
================================================================================
DAG File Processing Stats

File Path                                       PID    Runtime      # DAGs    # Errors  Last Runtime    Last Run
----------------------------------------------  -----  ---------  --------  ----------  --------------  -------------------
/opt/airflow/dags/training_pipeline.py                                   1           0  2.73s           2026-08-13T17:57:55
/opt/airflow/dags/training_pipeline_with_CT.py                           1           0  2.14s           2026-08-13T17:57:40
================================================================================
[2026-08-13T17:58:06.113+0000] {manager.py:738} INFO - Searching for files in /opt/airflow/dags
[2026-08-13T17:58:06.193+0000] {manager.py:741} INFO - There are 2 files in /opt/airflow/dags
[2026-08-13T17:58:30.198+0000] {manager.py:879} INFO - 
================================================================================
DAG File Processing Stats

File Path                                       PID    Runtime      # DAGs    # Errors  Last Runtime    Last Run
----------------------------------------------  -----  ---------  --------  ----------  --------------  -------------------
/opt/airflow/dags/training_pipeline.py                                   1           0  1.16s           2026-08-13T17:58:27
/opt/airflow/dags/training_pipeline_with_CT.py                           1           0  1.30s           2026-08-13T17:58:12
================================================================================
[2026-08-13T17:59:00.377+0000] {manager.py:879} INFO - 
================================================================================
DAG File Processing Stats

File Path                                         PID  Runtime      # DAGs    # Errors  Last Runtime    Last Run
----------------------------------------------  -----  ---------  --------  ----------  --------------  -------------------
/opt/airflow/dags/training_pipeline.py            532  2.17s             1           0  1.16s           2026-08-13T17:58:27
/opt/airflow/dags/training_pipeline_with_CT.py                           1           0  1.07s           2026-08-13T17:58:43
================================================================================
[2026-08-13T17:59:31.071+0000] {manager.py:879} INFO - 
================================================================================
DAG File Processing Stats

File Path                                       PID    Runtime      # DAGs    # Errors  Last Runtime    Last Run
----------------------------------------------  -----  ---------  --------  ----------  --------------  -------------------
/opt/airflow/dags/training_pipeline.py                                   1           0  14.14s          2026-08-13T17:59:12
/opt/airflow/dags/training_pipeline_with_CT.py                           1           0  12.37s          2026-08-13T17:59:26
================================================================================
[2026-08-13T18:00:02.169+0000] {manager.py:879} INFO - 
================================================================================
DAG File Processing Stats

File Path                                         PID  Runtime      # DAGs    # Errors  Last Runtime    Last Run
----------------------------------------------  -----  ---------  --------  ----------  --------------  -------------------
/opt/airflow/dags/training_pipeline.py            542  19.01s            1           0  14.14s          2026-08-13T17:59:12
/opt/airflow/dags/training_pipeline_with_CT.py    550  4.36s             1           0  12.37s          2026-08-13T17:59:26
================================================================================
[2026-08-13T18:00:35.143+0000] {manager.py:879} INFO - 
================================================================================
DAG File Processing Stats

File Path                                         PID  Runtime      # DAGs    # Errors  Last Runtime    Last Run
----------------------------------------------  -----  ---------  --------  ----------  --------------  -------------------
/opt/airflow/dags/training_pipeline.py            558  1.21s             1           0  19.26s          2026-08-13T18:00:02
/opt/airflow/dags/training_pipeline_with_CT.py    550  37.23s            1           0  12.37s          2026-08-13T17:59:26
================================================================================
[2026-08-13T18:01:05.312+0000] {manager.py:879} INFO - 
================================================================================
DAG File Processing Stats

File Path                                         PID  Runtime      # DAGs    # Errors  Last Runtime    Last Run
----------------------------------------------  -----  ---------  --------  ----------  --------------  -------------------
/opt/airflow/dags/training_pipeline.py            558  31.46s            1           0  19.26s          2026-08-13T18:00:02
/opt/airflow/dags/training_pipeline_with_CT.py                           1           0  38.86s          2026-08-13T18:00:36
================================================================================
[2026-08-13T18:01:24.383+0000] {manager.py:1201} ERROR - Processor for /opt/airflow/dags/training_pipeline.py with PID 558 started at 2026-08-13T18:00:33.786542+00:00 has timed out, killing it.
[2026-08-13T18:01:35.841+0000] {manager.py:879} INFO - 
================================================================================
DAG File Processing Stats

File Path                                         PID  Runtime      # DAGs    # Errors  Last Runtime    Last Run
----------------------------------------------  -----  ---------  --------  ----------  --------------  -------------------
/opt/airflow/dags/training_pipeline.py            568  1.34s             0           1  50.59s          2026-08-13T18:01:24
/opt/airflow/dags/training_pipeline_with_CT.py    566  20.25s            1           0  38.86s          2026-08-13T18:00:36
================================================================================
[2026-08-13T18:02:06.273+0000] {manager.py:1201} ERROR - Processor for /opt/airflow/dags/training_pipeline_with_CT.py with PID 566 started at 2026-08-13T18:01:15.096658+00:00 has timed out, killing it.
[2026-08-13T18:02:08.264+0000] {manager.py:879} INFO - 
================================================================================
DAG File Processing Stats

File Path                                         PID  Runtime      # DAGs    # Errors  Last Runtime    Last Run
----------------------------------------------  -----  ---------  --------  ----------  --------------  -------------------
/opt/airflow/dags/training_pipeline.py            568  34.15s            0           1  50.59s          2026-08-13T18:01:24
/opt/airflow/dags/training_pipeline_with_CT.py                           0           1  51.11s          2026-08-13T18:02:06
================================================================================
[2026-08-13T18:02:25.207+0000] {manager.py:1201} ERROR - Processor for /opt/airflow/dags/training_pipeline.py with PID 568 started at 2026-08-13T18:01:34.012744+00:00 has timed out, killing it.
[2026-08-13T18:02:38.809+0000] {manager.py:879} INFO - 
================================================================================
DAG File Processing Stats

File Path                                         PID  Runtime      # DAGs    # Errors  Last Runtime    Last Run
----------------------------------------------  -----  ---------  --------  ----------  --------------  -------------------
/opt/airflow/dags/training_pipeline.py                                   0           1  51.19s          2026-08-13T18:02:25
/opt/airflow/dags/training_pipeline_with_CT.py    582  0.33s             0           1  51.11s          2026-08-13T18:02:06
================================================================================
